company_id,period,sector,owner_gender,Revenue,EBITDA,Net_Profit,Total_Assets,Total_Liabilities,Current_Assets,Current_Liabilities,Cash_Flow_Operations,Debt,Interest_Expense,Accounts_Receivable,Inventory,Sales_Growth,distress_label,dataset_source
SYN-0000,2021-12-31,manufacturing,man,92852.27,2352.22,-5316.76,71617.05,49177.61,39439.94,30585.16,-3363.34,27241.39,1479.62,12776.3,3160.67,-0.1443,0,synthetic_demo
SYN-0000,2022-12-31,manufacturing,man,89064.93,81.99,-2417.73,99452.98,68291.83,25644.49,36424.17,-763.53,53138.62,4945.04,15388.73,20738.96,-0.0408,1,synthetic_demo
SYN-0000,2023-12-31,manufacturing,man,75485.34,5495.13,-791.85,59712.67,41003.17,26746.83,21263.26,-4770.21,19468.31,1198.3,14264.32,14874.25,-0.1525,0,synthetic_demo
SYN-0001,2021-12-31,manufacturing,woman,88180.93,20327.79,17416.31,90735.41,19257.38,36974.36,7123.28,13980.57,11600.72,870.55,12307.3,16604.45,0.0338,0,synthetic_demo
SYN-0001,2022-12-31,manufacturing,woman,97248.4,22933.7,18909.97,73970.98,15699.35,25402.48,11408.74,14886.28,7347.64,432.91,8685.73,16106.44,0.1028,0,synthetic_demo
SYN-0001,2023-12-31,manufacturing,woman,92519.27,16474.44,11170.18,50907.7,10804.48,10997.04,7143.7,9215.89,3916.53,303.88,5845.16,16023.46,-0.0486,0,synthetic_demo
SYN-0002,2021-12-31,agriculture,man,62715.01,6641.22,3100.63,39346.06,21088.95,19338.6,13885.92,2520.85,18622.54,804.37,12667.27,7542.78,-0.147,1,synthetic_demo
SYN-0002,2022-12-31,agriculture,man,72444.95,4406.72,-366.45,73288.58,39281.69,25858.94,24105.38,-1146.75,29292.54,1235.49,8108.35,2112.14,0.1551,0,synthetic_demo
SYN-0002,2023-12-31,agriculture,man,84346.97,10882.05,5284.44,46649.15,25003.31,19239.25,11837.44,4440.97,21473.25,2501.15,10478.1,16211.64,0.1643,1,synthetic_demo
SYN-0003,2021-12-31,manufacturing,man,334022.98,121515.79,109885.96,254642.74,188172.19,129999.39,140767.92,94319.01,68097.0,3011.86,53231.38,27346.94,-0.2522,0,synthetic_demo
SYN-0003,2022-12-31,manufacturing,man,402996.18,167505.91,134022.86,241623.18,178551.18,97118.26,86679.66,149228.72,66166.94,4099.49,85147.61,33852.45,0.2065,0,synthetic_demo
SYN-0003,2023-12-31,manufacturing,man,300838.97,122375.97,96096.04,228449.81,168816.52,122602.36,113833.65,94489.94,151226.94,11962.5,28112.46,57112.09,-0.2535,1,synthetic_demo
SYN-0004,2021-12-31,manufacturing,woman,191336.85,43800.14,34860.37,107115.97,65649.36,56752.7,26142.71,40399.52,44619.28,5247.46,24421.68,9883.97,-0.1529,1,synthetic_demo
SYN-0004,2022-12-31,manufacturing,woman,198095.51,37571.58,21468.65,161435.43,98940.73,66583.5,39565.19,29633.27,72409.21,7082.61,11736.3,9355.23,0.0353,0,synthetic_demo
SYN-0004,2023-12-31,manufacturing,woman,140368.21,26357.76,17393.31,163583.17,100257.04,89958.21,31323.28,18508.64,50885.0,2239.01,8557.24,15750.04,-0.2914,0,synthetic_demo
SYN-0005,2021-12-31,agriculture,man,306472.06,29241.41,2963.97,319195.96,207757.69,125223.08,125279.53,33456.98,99298.29,6957.69,31941.76,34844.05,-0.0518,0,synthetic_demo
SYN-0005,2022-12-31,agriculture,man,202358.99,25272.98,11793.77,202741.68,131960.14,45031.2,43979.6,14904.03,105451.04,11082.53,18700.38,10452.21,-0.3397,0,synthetic_demo
SYN-0005,2023-12-31,agriculture,man,317578.7,14530.03,-6550.87,138621.66,90225.82,34635.53,29475.96,7921.9,34327.99,2350.05,29797.89,41601.47,0.5694,0,synthetic_demo
SYN-0006,2021-12-31,manufacturing,woman,43901.3,5785.2,1845.55,36373.43,8721.95,18673.51,2843.19,-1600.98,3540.41,377.78,8867.66,10339.0,0.2295,0,synthetic_demo
SYN-0006,2022-12-31,manufacturing,woman,43783.92,6420.64,4145.79,36696.75,8799.48,19193.46,4676.04,4493.57,5568.51,321.02,2664.56,5478.81,-0.0027,0,synthetic_demo
SYN-0006,2023-12-31,manufacturing,woman,55541.12,10045.09,5093.91,39766.44,9535.55,11880.25,7384.61,9423.56,6933.86,436.21,7445.59,11479.42,0.2685,0,synthetic_demo
SYN-0007,2021-12-31,manufacturing,woman,123837.67,16184.45,12356.07,64772.08,34829.61,14122.79,23087.08,3595.57,23959.6,1118.43,26302.23,24296.27,0.1536,0,synthetic_demo
SYN-0007,2022-12-31,manufacturing,woman,138057.12,8944.43,33.32,121526.05,65347.67,51826.76,25201.04,3815.3,26287.87,1961.3,18180.31,25963.46,0.1148,0,synthetic_demo
SYN-0007,2023-12-31,manufacturing,woman,166167.89,13251.29,90.38,84968.42,45689.7,37653.36,23269.95,6175.34,18195.46,1152.85,33432.62,31199.2,0.2036,0,synthetic_demo
SYN-0008,2021-12-31,manufacturing,woman,37891.81,6387.55,2823.29,43582.75,9763.57,16201.79,4766.38,4284.23,7607.44,881.33,2156.75,7848.05,-0.1126,0,synthetic_demo
SYN-0008,2022-12-31,manufacturing,woman,31745.09,3192.14,1415.62,24582.38,5507.04,7329.08,2914.73,2043.65,4427.49,500.61,5699.49,1407.24,-0.1622,0,synthetic_demo
SYN-0008,2023-12-31,manufacturing,woman,36639.14,4772.13,1555.5,43941.38,9843.91,19336.4,3398.32,2429.45,7049.49,391.04,2251.81,6994.01,0.1542,1,synthetic_demo
SYN-0009,2021-12-31,agriculture,woman,46409.03,6104.11,2435.59,50239.58,7227.84,25139.16,5521.33,4710.32,2757.26,292.9,1969.04,2988.37,0.1328,1,synthetic_demo
SYN-0009,2022-12-31,agriculture,woman,59276.44,10072.01,5644.46,32072.47,4614.18,8249.57,2008.92,10234.51,3479.29,302.63,2672.33,9222.7,0.2773,1,synthetic_demo
SYN-0009,2023-12-31,agriculture,woman,44506.67,9221.52,6126.15,25064.2,3605.92,9108.94,2495.44,6784.39,3205.72,151.75,9347.05,3840.72,-0.2492,0,synthetic_demo
SYN-0010,2021-12-31,retail,woman,190326.79,32899.96,19686.71,121218.93,89798.05,42567.39,54372.16,22375.24,46478.35,3241.71,14324.24,28440.03,0.0703,1,synthetic_demo
SYN-0010,2022-12-31,retail,woman,147973.86,24454.46,13997.1,128221.9,94985.79,59084.76,59268.69,18120.05,62802.19,6401.54,20212.0,17003.97,-0.2225,1,synthetic_demo
SYN-0010,2023-12-31,retail,woman,292188.9,37708.41,23972.16,332635.04,246413.48,129099.0,172473.47,12775.72,154500.78,11896.88,16489.24,10475.85,0.9746,0,synthetic_demo
SYN-0011,2021-12-31,services,woman,83148.72,7690.54,4915.28,90474.74,30808.99,21844.69,18498.34,-6177.08,17091.1,1990.54,18222.95,15786.87,0.1466,0,synthetic_demo
SYN-0011,2022-12-31,services,woman,89254.8,7688.46,4420.54,38233.86,13019.62,14912.56,4971.87,8026.58,6053.88,720.87,12304.16,18261.12,0.0734,0,synthetic_demo
SYN-0011,2023-12-31,services,woman,100328.95,8711.33,4932.45,101247.71,34477.46,37231.9,12940.65,2907.27,20292.69,787.26,7833.45,8453.02,0.1241,0,synthetic_demo
SYN-0012,2021-12-31,agriculture,woman,170505.25,-16087.45,-30429.25,79340.29,13925.5,31403.76,6534.24,-26159.11,7681.79,770.74,32843.21,22345.42,0.0572,0,synthetic_demo
SYN-0012,2022-12-31,agriculture,woman,142064.4,-19182.35,-29007.28,118552.83,20807.93,40239.32,15786.33,-33901.27,8484.2,541.32,10007.95,3617.11,-0.1668,0,synthetic_demo
SYN-0012,2023-12-31,agriculture,woman,197773.61,-26965.13,-40497.8,125953.56,22106.88,54601.86,17484.4,-29391.28,16285.44,1624.01,39973.14,35313.09,0.3921,0,synthetic_demo
SYN-0013,2021-12-31,agriculture,man,54867.08,2290.63,-411.82,65180.49,12730.32,30863.05,8592.86,-4490.04,6473.69,249.11,9810.7,7008.39,-0.128,0,synthetic_demo
SYN-0013,2022-12-31,agriculture,man,51992.7,2184.9,-2108.7,25276.72,4936.76,12659.19,3763.55,-1060.29,3236.07,215.78,2288.16,2289.87,-0.0524,0,synthetic_demo
SYN-0013,2023-12-31,agriculture,man,39392.6,-491.2,-3842.28,41152.65,8037.47,11268.17,4910.48,-3785.36,3029.56,238.56,6314.56,1044.44,-0.2423,0,synthetic_demo
SYN-0014,2021-12-31,services,man,51992.24,9610.69,7066.45,32981.98,9131.21,8411.64,3126.58,3570.07,7648.36,792.61,11426.21,4429.72,0.3564,0,synthetic_demo
SYN-0014,2022-12-31,services,man,54809.48,10268.88,8640.95,62150.28,17206.59,14527.43,8305.43,10089.38,10724.94,391.48,6514.48,8747.53,0.0542,0,synthetic_demo
SYN-0014,2023-12-31,services,man,42146.91,10074.91,6339.23,27055.87,7490.54,7414.36,3465.66,5347.84,6317.13,619.69,6081.28,6901.84,-0.231,0,synthetic_demo
SYN-0015,2021-12-31,retail,man,28169.42,6163.25,3852.67,21463.45,4777.58,12403.31,3044.75,3217.78,2923.6,298.05,1950.96,4047.31,0.0751,1,synthetic_demo
SYN-0015,2022-12-31,retail,man,24494.45,5168.81,4134.54,10972.47,2442.38,2427.12,782.88,3072.37,2144.1,157.99,3195.94,2174.26,-0.1305,1,synthetic_demo
SYN-0015,2023-12-31,retail,man,19867.44,4473.89,3974.9,11552.44,2571.47,3900.69,1307.09,4602.21,1327.24,143.79,699.89,2618.47,-0.1889,0,synthetic_demo
SYN-0016,2021-12-31,services,man,18862.53,2628.21,1548.26,11280.49,7165.18,6228.57,2323.56,1928.37,3811.19,182.13,825.5,950.77,0.1716,0,synthetic_demo
SYN-0016,2022-12-31,services,man,24345.76,5322.84,3266.58,22001.67,13975.1,8969.75,8316.55,3375.08,6748.59,725.72,3640.59,1358.58,0.2907,0,synthetic_demo
SYN-0016,2023-12-31,services,man,17304.35,2947.56,2129.27,15412.48,9789.75,5003.11,6917.24,2627.34,8728.13,751.16,1298.27,1922.27,-0.2892,1,synthetic_demo
SYN-0017,2021-12-31,retail,woman,106435.29,23366.25,19634.6,71032.73,24767.4,29658.45,8990.89,14397.32,20792.5,1033.39,13714.1,25351.86,-0.0473,1,synthetic_demo
SYN-0017,2022-12-31,retail,woman,133373.61,25400.44,19515.58,149364.53,52079.81,58921.34,31815.35,15037.64,43445.46,3716.25,11940.9,22139.57,0.2531,0,synthetic_demo
SYN-0017,2023-12-31,retail,woman,121146.11,21415.09,12640.06,74851.13,26098.79,30046.47,12999.37,19658.04,17901.77,1489.24,21237.9,28633.1,-0.0917,0,synthetic_demo
SYN-0018,2021-12-31,retail,man,88242.12,8625.03,1113.08,47342.94,30554.13,11900.91,12214.66,2376.58,26852.57,1424.06,10757.88,16004.37,-0.0566,0,synthetic_demo
SYN-0018,2022-12-31,retail,man,84754.64,12334.81,5080.65,87357.37,56378.6,19379.89,42395.95,1669.66,37405.15,1626.69,6171.28,15560.28,-0.0395,1,synthetic_demo
SYN-0018,2023-12-31,retail,man,132218.48,20082.66,12990.49,96230.11,62104.88,40753.11,36672.6,18755.87,32637.53,3737.24,16066.32,8367.22,0.56,0,synthetic_demo
SYN-0019,2021-12-31,retail,man,95059.45,9210.12,5597.51,95794.6,21792.81,27899.73,8739.88,3856.74,18187.62,1360.71,7889.59,2845.9,-0.2268,0,synthetic_demo
SYN-0019,2022-12-31,retail,man,98201.29,6256.62,-2396.37,60580.41,13781.75,29437.32,10175.83,1791.34,7057.99,836.38,20750.41,3515.69,0.0331,1,synthetic_demo
SYN-0019,2023-12-31,retail,man,115514.53,2703.05,-1481.1,104086.66,23679.21,25618.28,10102.21,3973.53,15351.24,1299.63,19752.86,9833.43,0.1763,0,synthetic_demo
SYN-0020,2021-12-31,services,woman,96204.77,9094.64,5037.87,103925.52,65447.41,35898.7,34355.28,9312.56,29367.6,3153.01,18932.75,9105.87,0.2928,0,synthetic_demo
SYN-0020,2022-12-31,services,woman,98366.13,11491.41,5384.62,109445.23,68923.46,42362.38,37584.24,7216.27,53591.25,3855.24,5840.45,4686.76,0.0225,0,synthetic_demo
SYN-0020,2023-12-31,services,woman,145616.12,19914.53,6928.58,84751.41,53372.46,16274.12,19186.15,12736.87,26112.56,2263.72,17623.57,15741.0,0.4803,0,synthetic_demo
SYN-0021,2021-12-31,agriculture,man,97540.45,-11416.13,-18981.24,44779.18,29557.99,22290.31,18070.4,-17190.24,15911.71,843.58,20083.57,11349.58,-0.1991,0,synthetic_demo
SYN-0021,2022-12-31,agriculture,man,83113.64,-11922.85,-16286.72,64616.24,42652.09,15568.03,26279.72,-13979.77,17955.1,1115.52,14074.74,10093.48,-0.1479,0,synthetic_demo
SYN-0021,2023-12-31,agriculture,man,63295.7,-7960.11,-11534.69,35334.43,23323.66,18317.47,7466.53,-10591.79,16861.88,1664.56,13829.12,8665.88,-0.2384,0,synthetic_demo
SYN-0022,2021-12-31,retail,man,149382.07,39941.17,31605.13,111596.59,40373.57,35369.98,20351.44,31625.25,28499.28,1219.67,23674.91,24530.61,0.0709,0,synthetic_demo
SYN-0022,2022-12-31,retail,man,132273.96,40248.0,34393.46,144349.48,52222.96,64544.38,19044.74,32388.53,25363.34,1498.96,21140.85,29136.24,-0.1145,1,synthetic_demo
SYN-0022,2023-12-31,retail,man,135914.32,32040.16,24839.78,84128.71,30436.2,25928.17,23985.68,21779.5,21123.12,781.01,14816.21,28885.01,0.0275,0,synthetic_demo
SYN-0023,2021-12-31,retail,man,50896.87,10488.75,5731.2,31071.52,21241.41,17075.35,15329.11,2887.13,18097.04,1809.64,8961.88,6399.45,0.1516,1,synthetic_demo
SYN-0023,2022-12-31,retail,man,57545.25,12303.66,7398.51,50470.05,34502.82,13502.89,24428.97,5729.89,19856.04,707.63,5592.48,11247.36,0.1306,0,synthetic_demo
SYN-0023,2023-12-31,retail,man,45496.94,7012.81,3901.87,54546.98,37289.94,13177.76,19070.08,2700.92,17001.41,2012.45,2178.55,2291.2,-0.2094,0,synthetic_demo
SYN-0024,2021-12-31,services,woman,74929.38,8922.03,4339.94,71573.07,39929.13,41284.55,31931.76,9664.67,28308.86,2742.19,16160.98,6746.03,0.1099,0,synthetic_demo
SYN-0024,2022-12-31,services,woman,85974.63,13230.09,9145.59,88916.84,49604.85,45213.53,25215.78,14900.13,40064.16,4131.34,10822.71,18610.66,0.1474,1,synthetic_demo
SYN-0024,2023-12-31,services,woman,83924.16,9607.55,2958.77,39667.96,22129.93,7148.46,11466.81,2263.22,8388.21,758.65,15717.2,4780.34,-0.0238,1,synthetic_demo
SYN-0025,2021-12-31,agriculture,man,14968.7,1416.29,656.58,15070.74,7169.17,7235.56,3816.44,-691.64,4497.21,237.06,2604.94,690.96,0.2046,1,synthetic_demo
SYN-0025,2022-12-31,agriculture,man,15469.27,1249.86,437.65,18447.15,8775.34,8142.87,4601.48,438.59,3733.61,440.29,3039.39,963.83,0.0334,0,synthetic_demo
SYN-0025,2023-12-31,agriculture,man,13209.48,-222.3,-598.27,11224.21,5339.38,5210.43,1672.77,-1281.39,4301.94,328.35,1098.16,1480.84,-0.1461,0,synthetic_demo
SYN-0026,2021-12-31,manufacturing,woman,23581.56,787.98,-85.42,9923.89,3714.95,5337.11,2314.95,-235.03,1733.96,129.95,2902.35,5325.17,-0.1467,1,synthetic_demo
SYN-0026,2022-12-31,manufacturing,woman,31981.68,329.03,-864.84,18772.99,7027.55,4933.43,3593.66,-1012.21,2842.9,307.39,3015.02,3177.92,0.3562,1,synthetic_demo
SYN-0026,2023-12-31,manufacturing,woman,37334.45,3267.87,2033.11,41550.44,15554.15,9138.29,5501.53,-1746.64,13397.05,607.79,7194.0,6941.96,0.1674,0,synthetic_demo
SYN-0027,2021-12-31,services,man,95044.94,20911.24,12075.68,52547.13,7837.7,19939.31,4285.94,12445.66,6961.82,478.9,13608.46,4578.46,0.1197,0,synthetic_demo
SYN-0027,2022-12-31,services,man,120618.37,28713.52,17873.08,84404.49,12589.4,29761.66,7762.3,8061.22,7235.99,494.05,11568.94,14381.36,0.2691,0,synthetic_demo
SYN-0027,2023-12-31,services,man,80115.47,13406.88,7348.71,55253.24,8241.33,12037.24,3156.69,7699.9,4600.52,244.91,11143.61,14919.0,-0.3358,1,synthetic_demo
SYN-0028,2021-12-31,agriculture,man,37909.67,7682.17,6664.02,16058.64,8258.64,7261.19,4801.03,8700.26,3065.59,329.34,4808.36,4642.67,0.2134,1,synthetic_demo
SYN-0028,2022-12-31,agriculture,man,35923.71,6620.65,4473.8,30921.72,15902.43,7552.18,10932.19,4890.29,7930.35,928.33,7661.17,7480.8,-0.0524,1,synthetic_demo
SYN-0028,2023-12-31,agriculture,man,29320.37,2849.06,1243.82,23332.43,11999.41,13366.17,7242.91,-2421.52,7924.6,558.67,1668.44,5712.93,-0.1838,0,synthetic_demo
SYN-0029,2021-12-31,manufacturing,woman,87918.11,19566.69,14527.15,82757.14,57686.74,35377.51,18462.5,15686.09,32143.27,1710.59,5348.09,5403.83,0.0739,0,synthetic_demo
SYN-0029,2022-12-31,manufacturing,woman,90300.65,16311.65,10045.11,106558.86,74277.98,46957.06,54646.65,6802.89,29295.56,2098.78,3760.24,12426.47,0.0271,0,synthetic_demo
SYN-0029,2023-12-31,manufacturing,woman,169199.06,25044.69,19423.0,190235.83,132605.91,105457.17,95308.89,24919.25,49702.43,5265.98,10797.47,23294.92,0.8737,0,synthetic_demo
SYN-0030,2021-12-31,manufacturing,woman,52149.51,6275.49,1409.27,25738.03,10648.1,11920.25,7613.49,2359.36,8806.15,1014.36,3049.86,10172.99,0.1371,0,synthetic_demo
SYN-0030,2022-12-31,manufacturing,woman,55742.78,8376.0,5454.78,44409.82,18372.81,14856.71,8833.64,8587.19,11042.47,459.17,9993.34,6585.23,0.0689,0,synthetic_demo
SYN-0030,2023-12-31,manufacturing,woman,71923.6,8514.4,1796.48,84947.1,35143.52,32815.26,26993.33,5623.82,16527.55,647.47,4561.13,2440.53,0.2903,1,synthetic_demo
SYN-0031,2021-12-31,agriculture,man,119073.36,27514.55,20888.24,138136.72,65554.78,29869.53,27071.8,26091.9,35487.78,2383.23,21146.6,16539.87,0.0917,1,synthetic_demo
SYN-0031,2022-12-31,agriculture,man,146437.11,16974.11,11387.06,87619.71,41581.2,21690.19,31948.28,5665.95,31063.18,2401.19,19200.35,19300.77,0.2298,0,synthetic_demo
SYN-0031,2023-12-31,agriculture,man,40892.68,7448.14,6280.31,19306.42,9162.14,5235.65,5669.57,10560.14,6194.76,463.77,8215.33,5096.19,-0.7207,1,synthetic_demo
SYN-0032,2021-12-31,retail,man,107978.03,19761.7,10923.85,101936.26,64827.35,33472.29,33226.67,11119.46,56939.34,5557.78,12962.36,7278.68,0.3239,0,synthetic_demo
SYN-0032,2022-12-31,retail,man,117789.14,13085.55,8867.57,131671.36,83737.67,29532.53,65149.86,17909.46,41862.35,2501.82,15658.58,25232.98,0.0909,0,synthetic_demo
SYN-0032,2023-12-31,retail,man,119613.12,16719.54,9122.1,63992.09,40696.39,19410.93,14798.76,3353.57,20363.92,833.78,14832.96,22976.06,0.0155,0,synthetic_demo
SYN-0033,2021-12-31,services,woman,128079.44,2082.09,-2293.41,77862.46,51511.28,23789.99,22479.64,865.77,39327.8,2389.24,13232.59,9211.4,0.1973,0,synthetic_demo
SYN-0033,2022-12-31,services,woman,124283.31,277.12,-9715.46,149026.52,98591.13,79865.07,74367.69,-3681.56,67774.9,2839.64,4713.32,15533.44,-0.0296,0,synthetic_demo
SYN-0033,2023-12-31,services,woman,144265.78,5473.44,-8179.54,72818.52,48174.38,36205.51,34874.32,1664.66,22827.32,2525.65,13438.99,15633.44,0.1608,0,synthetic_demo
SYN-0034,2021-12-31,services,man,179426.89,14955.0,8265.54,131743.49,45775.99,59618.12,18125.49,14798.56,37022.08,2128.79,36595.51,9117.07,0.0764,0,synthetic_demo
SYN-0034,2022-12-31,services,man,158641.4,11883.51,-697.6,99370.77,34527.67,35078.5,14726.65,1740.38,20249.66,1359.91,30062.27,10609.38,-0.1158,1,synthetic_demo
SYN-0034,2023-12-31,services,man,215147.75,24916.08,8286.17,177443.84,61655.17,38259.87,30680.68,-14410.93,49044.68,2503.78,15311.36,23711.59,0.3562,0,synthetic_demo
SYN-0035,2021-12-31,retail,man,26060.88,3197.82,2180.42,25780.88,14841.16,5648.98,7926.9,1814.1,11353.71,845.0,2307.55,5085.35,0.0838,0,synthetic_demo
SYN-0035,2022-12-31,retail,man,24436.12,2503.84,444.68,12837.02,7389.83,4375.1,3047.16,800.98,6422.42,243.96,1587.35,3925.3,-0.0623,0,synthetic_demo
SYN-0035,2023-12-31,retail,man,33688.34,4501.28,2199.55,20131.33,11588.91,10608.6,5248.62,2420.79,4378.23,200.98,6045.54,7629.48,0.3786,0,synthetic_demo
SYN-0036,2021-12-31,manufacturing,man,159889.12,12554.76,-1662.7,130168.29,60934.64,44002.18,42254.87,7495.7,40853.9,3987.52,25650.18,21597.81,-0.2888,1,synthetic_demo
SYN-0036,2022-12-31,manufacturing,man,137211.94,20038.97,7132.26,162961.75,76285.99,70935.52,40963.01,2833.48,41471.19,2905.13,27027.28,11318.79,-0.1418,0,synthetic_demo
SYN-0036,2023-12-31,manufacturing,man,127876.84,16399.31,5776.37,130530.37,61104.14,55154.97,38449.19,4161.66,32707.28,1756.82,21317.68,18411.08,-0.068,0,synthetic_demo
SYN-0037,2021-12-31,agriculture,woman,48543.57,8199.05,6251.74,30142.54,20827.47,14421.01,15471.74,7147.83,17216.72,1742.98,3905.55,3435.15,0.0066,1,synthetic_demo
SYN-0037,2022-12-31,agriculture,woman,36700.52,6739.72,5304.46,30632.39,21165.94,11021.93,13127.53,5033.68,12950.88,1346.88,3657.91,5405.77,-0.244,1,synthetic_demo
SYN-0037,2023-12-31,agriculture,woman,33692.01,5364.39,4353.92,18595.47,12848.84,4016.63,4626.29,7269.38,5993.66,247.51,2005.36,6805.65,-0.082,0,synthetic_demo
SYN-0038,2021-12-31,retail,man,74134.45,12261.02,9129.23,40950.17,28756.66,11641.38,10834.53,10819.22,22663.54,1429.32,12003.79,15450.37,-0.1625,1,synthetic_demo
SYN-0038,2022-12-31,retail,man,76569.07,11972.36,7087.25,86495.59,60740.28,35249.85,27024.38,12979.05,31114.85,2703.21,11512.62,3806.83,0.0328,0,synthetic_demo
SYN-0038,2023-12-31,retail,man,58048.5,4972.0,502.07,42900.59,30126.32,11537.99,15680.19,-677.03,11980.98,1193.73,7106.46,7536.01,-0.2419,0,synthetic_demo
SYN-0039,2021-12-31,services,man,97481.95,1182.27,-4329.39,111023.58,52060.51,40782.09,40664.46,-3006.57,32351.89,1728.82,5128.5,1961.82,0.2151,0,synthetic_demo
SYN-0039,2022-12-31,services,man,74919.41,-708.1,-4291.99,40482.01,18982.58,9996.87,11642.39,-5318.33,16469.14,1153.53,13150.9,5300.5,-0.2315,0,synthetic_demo
SYN-0039,2023-12-31,services,man,89824.57,1656.51,-4251.36,53416.66,25047.82,14965.92,10806.52,-1565.97,12719.05,1515.78,11897.54,14424.57,0.1989,0,synthetic_demo
SYN-0040,2021-12-31,manufacturing,man,147507.23,30872.04,21394.05,153819.02,72116.13,47428.56,41368.8,21977.93,35915.4,3200.67,16305.41,27262.04,0.1369,0,synthetic_demo
SYN-0040,2022-12-31,manufacturing,man,119073.52,31020.17,27866.99,91460.4,42880.07,44242.73,24741.4,31410.86,20382.07,1020.02,18615.54,9586.23,-0.1928,1,synthetic_demo
SYN-0040,2023-12-31,manufacturing,man,136286.56,29121.95,25029.84,73759.62,34581.28,26396.74,18031.57,31310.53,23640.16,2621.92,5047.79,8080.83,0.1446,0,synthetic_demo
SYN-0041,2021-12-31,retail,man,50330.53,5734.9,4314.7,32926.84,8358.21,10663.9,3445.32,7535.59,5119.22,488.73,1933.25,5869.51,-0.0551,0,synthetic_demo
SYN-0041,2022-12-31,retail,man,47925.83,4218.37,2877.47,23971.65,6085.0,10100.75,2572.64,1623.17,3719.53,274.0,5347.43,2821.24,-0.0478,0,synthetic_demo
SYN-0041,2023-12-31,retail,man,50832.91,8736.93,4013.83,58024.28,14728.98,10724.09,10037.94,5009.94,12866.66,1511.97,6954.44,1890.7,0.0607,0,synthetic_demo
SYN-0042,2021-12-31,services,man,163608.28,-17726.18,-30212.55,129009.31,51008.65,39333.1,40027.99,-23835.08,32156.2,1603.26,12372.42,19970.5,-0.1656,0,synthetic_demo
SYN-0042,2022-12-31,services,man,185637.42,-17204.38,-25196.55,201294.69,79589.38,86046.28,60753.38,-35454.17,38436.48,4570.93,11669.29,7323.12,0.1346,0,synthetic_demo
SYN-0042,2023-12-31,services,man,126586.31,-11689.45,-22321.59,81318.47,32152.3,42145.72,18006.44,-17148.92,17178.19,1992.72,19671.13,5759.39,-0.3181,0,synthetic_demo
SYN-0043,2021-12-31,manufacturing,man,46106.24,4726.72,1591.18,34265.97,7565.09,10000.68,2390.73,-1189.77,4819.2,435.48,2540.61,1061.87,0.0881,0,synthetic_demo
SYN-0043,2022-12-31,manufacturing,man,48311.55,3935.93,1561.99,40279.47,8892.72,7602.05,4958.28,-190.88,6015.33,261.81,8687.47,10982.61,0.0478,1,synthetic_demo
SYN-0043,2023-12-31,manufacturing,man,56682.31,5693.09,2510.63,51764.38,11428.31,29630.03,3670.46,3617.66,9840.22,467.15,5510.25,13449.72,0.1733,1,synthetic_demo
SYN-0044,2021-12-31,manufacturing,man,31760.73,9294.72,7383.71,25826.87,8620.36,9025.51,6595.03,6254.64,3447.16,196.49,4076.2,6641.07,0.1106,0,synthetic_demo
SYN-0044,2022-12-31,manufacturing,man,27451.82,6528.35,5089.09,32439.57,10827.51,9750.05,3416.46,5999.33,4900.16,454.75,1881.67,4624.5,-0.1357,0,synthetic_demo
SYN-0044,2023-12-31,manufacturing,man,41283.67,12090.75,8457.52,28973.42,9670.6,11843.76,3935.12,6371.33,7919.66,303.43,5222.43,1951.33,0.5039,0,synthetic_demo
SYN-0045,2021-12-31,agriculture,man,88203.92,11628.33,5637.72,48250.03,35625.83,18976.73,13856.89,5509.37,22641.71,2577.8,7404.39,2531.74,-0.0534,1,synthetic_demo
SYN-0045,2022-12-31,agriculture,man,69089.45,12584.08,10422.88,49421.36,36490.7,15597.54,16930.3,11626.25,20502.02,1069.79,12089.28,16441.78,-0.2167,0,synthetic_demo
SYN-0045,2023-12-31,agriculture,man,88620.38,12573.29,5600.53,90083.52,66513.96,48483.12,34399.33,8729.8,54165.63,3315.97,18336.43,3611.74,0.2827,0,synthetic_demo
SYN-0046,2021-12-31,services,woman,99167.4,-6045.12,-10365.35,62993.17,34842.25,12408.6,18261.11,-8181.45,20131.77,1432.05,19604.52,7881.33,-0.0416,0,synthetic_demo
SYN-0046,2022-12-31,services,woman,101060.84,-2806.36,-9335.43,62733.56,34698.66,15101.27,16515.34,-7414.97,21737.79,2283.18,8336.86,23582.52,0.0191,0,synthetic_demo
SYN-0046,2023-12-31,services,woman,88596.0,-4362.66,-12342.67,48956.66,27078.5,20251.65,11690.45,-1562.37,21663.48,1796.52,14918.9,2918.94,-0.1233,0,synthetic_demo
SYN-0047,2021-12-31,agriculture,woman,137955.64,8216.78,493.2,77953.22,35708.84,32354.8,23533.24,-2744.51,18846.99,826.49,30344.25,16579.16,0.1201,0,synthetic_demo
SYN-0047,2022-12-31,agriculture,woman,166154.63,23176.94,13760.71,190265.84,87157.05,58199.84,41624.68,11520.22,75924.35,3883.82,33430.22,12582.5,0.2044,0,synthetic_demo
SYN-0047,2023-12-31,agriculture,woman,172759.0,13129.74,-1786.04,160883.26,73697.46,90085.06,49691.05,-2732.98,29605.13,1841.84,17819.0,23871.49,0.0397,0,synthetic_demo
SYN-0048,2021-12-31,manufacturing,man,36418.08,1185.29,-2188.27,30461.77,8773.07,10099.51,5209.09,-2670.65,6794.95,763.3,6621.88,1198.81,0.0016,0,synthetic_demo
SYN-0048,2022-12-31,manufacturing,man,42991.61,3618.71,366.82,36902.58,10628.04,17735.67,5886.22,-2507.18,4459.63,394.5,6375.71,7996.67,0.1805,0,synthetic_demo
SYN-0048,2023-12-31,manufacturing,man,26593.83,1068.24,-227.72,29015.72,8356.6,10100.05,3292.94,1666.49,5904.93,309.24,1391.2,5727.42,-0.3814,0,synthetic_demo
SYN-0049,2021-12-31,manufacturing,man,40075.79,4800.39,1136.62,39603.53,30160.71,7205.58,20049.26,984.19,11272.46,846.44,5006.2,4646.79,-0.1562,1,synthetic_demo
SYN-0049,2022-12-31,manufacturing,man,39162.55,5080.77,3136.41,46842.62,35673.76,15639.5,13925.36,4527.53,14030.8,699.23,6906.48,5059.16,-0.0228,0,synthetic_demo
SYN-0049,2023-12-31,manufacturing,man,37132.51,4556.92,2137.55,23205.19,17672.29,6116.51,7052.28,-1177.88,15769.27,1329.94,3887.63,7496.6,-0.0518,1,synthetic_demo
SYN-0050,2021-12-31,services,man,106900.34,21660.43,12735.63,68917.24,47762.13,14235.5,34927.2,10294.77,35728.93,1322.66,4854.71,22213.74,-0.1804,1,synthetic_demo
SYN-0050,2022-12-31,services,man,99175.07,13839.02,11000.38,80382.93,55708.27,19296.07,39851.02,17109.1,49803.22,5495.21,15676.07,16933.87,-0.0723,1,synthetic_demo
SYN-0050,2023-12-31,services,man,134080.67,19054.67,14295.36,90501.87,62721.06,25371.4,30264.39,903.87,32490.41,2800.03,8011.39,23148.9,0.352,0,synthetic_demo
SYN-0051,2021-12-31,services,woman,28481.62,5202.92,4469.08,13558.75,1704.16,6541.15,817.32,5509.46,1151.46,137.32,2354.27,1756.98,0.036,1,synthetic_demo
SYN-0051,2022-12-31,services,woman,26148.82,4345.6,3147.49,29186.85,3668.42,8140.41,2120.12,4570.42,2909.7,332.33,4213.9,6129.54,-0.0819,0,synthetic_demo
SYN-0051,2023-12-31,services,woman,30958.44,6179.01,4976.01,25743.69,3235.66,14225.57,1171.05,4816.11,1252.38,54.15,6239.72,5561.81,0.1839,1,synthetic_demo
SYN-0052,2021-12-31,agriculture,man,41538.35,6553.84,2614.48,36481.77,22613.24,12945.6,15333.15,3934.1,16177.28,844.53,5599.2,5229.79,-0.1743,0,synthetic_demo
SYN-0052,2022-12-31,agriculture,man,39784.76,4148.25,1413.71,37108.06,23001.45,16202.08,15988.81,2444.9,17161.82,1484.96,2137.27,3186.54,-0.0422,0,synthetic_demo
SYN-0052,2023-12-31,agriculture,man,19269.8,1697.4,417.97,11426.14,7082.5,5838.49,4226.33,-130.13,5338.14,389.32,3754.91,3451.81,-0.5156,0,synthetic_demo
SYN-0053,2021-12-31,services,woman,223299.69,20140.52,2483.0,112204.77,24055.01,56808.41,11827.16,-7143.56,12895.12,572.8,32959.49,51582.48,0.2989,0,synthetic_demo
SYN-0053,2022-12-31,services,woman,259069.03,22531.9,15440.8,220404.9,47251.48,111917.27,25955.24,10100.44,22040.81,2552.15,48806.75,20980.34,0.1602,1,synthetic_demo
SYN-0053,2023-12-31,services,woman,246077.95,15010.75,4849.88,192144.56,41192.89,43766.57,14350.63,-9691.49,23927.75,1134.07,18933.05,34621.96,-0.0501,1,synthetic_demo
SYN-0054,2021-12-31,retail,man,53951.39,14538.35,13127.32,49225.42,17865.95,21446.78,11527.96,17537.51,12346.81,1046.72,9688.12,5557.1,-0.0313,1,synthetic_demo
SYN-0054,2022-12-31,retail,man,51689.57,14195.37,12277.43,31782.08,11535.04,10491.62,9054.61,14059.07,7384.15,442.95,7004.57,6711.46,-0.0419,0,synthetic_demo
SYN-0054,2023-12-31,retail,man,24998.51,7288.07,5476.13,15615.64,5667.57,3004.42,3450.61,7187.94,3429.14,270.59,3668.02,2678.2,-0.5164,1,synthetic_demo
SYN-0055,2021-12-31,agriculture,woman,263274.99,52580.81,28930.09,237878.03,184847.05,124549.72,66756.54,26397.16,135529.62,14376.57,12952.33,16538.46,-0.0512,1,synthetic_demo
SYN-0055,2022-12-31,agriculture,woman,270117.42,33785.18,24679.87,198225.47,154034.38,106497.06,96469.21,14105.29,118947.43,13397.29,13888.33,29580.1,0.026,0,synthetic_demo
SYN-0055,2023-12-31,agriculture,woman,301010.41,38311.89,25886.58,303327.95,235705.99,72089.79,143096.97,32656.44,86591.25,5615.78,59909.93,60273.44,0.1144,1,synthetic_demo
SYN-0056,2021-12-31,retail,woman,100759.8,9814.87,3343.46,60264.66,26890.78,24617.23,13747.85,-4861.69,23193.39,1380.63,8024.83,3842.39,0.2187,0,synthetic_demo
SYN-0056,2022-12-31,retail,woman,98676.84,10262.19,2845.28,77188.31,34442.31,39302.31,13749.08,2459.14,16019.2,1343.43,19206.6,8291.92,-0.0207,0,synthetic_demo
SYN-0056,2023-12-31,retail,woman,138165.52,13447.76,5613.65,165054.9,73649.39,83446.19,49513.74,13310.13,42796.89,2932.71,19289.45,5983.58,0.4002,0,synthetic_demo
SYN-0057,2021-12-31,agriculture,woman,194669.79,22429.34,12130.3,169043.49,64252.67,71963.97,33645.13,-4135.62,39001.39,3294.44,24855.81,24114.09,-0.0917,0,synthetic_demo
SYN-0057,2022-12-31,agriculture,woman,240526.03,21152.52,11118.99,129817.65,49343.1,38182.59,33039.46,2278.29,33083.34,1875.35,31162.94,55008.84,0.2356,0,synthetic_demo
SYN-0057,2023-12-31,agriculture,woman,226613.51,37070.14,25252.13,164697.14,62600.64,75019.69,35455.14,15366.59,51889.88,4945.75,27568.66,49027.05,-0.0578,1,synthetic_demo
SYN-0058,2021-12-31,retail,woman,55143.82,7018.16,2522.77,65779.99,50092.53,26482.66,27858.69,20.68,17866.88,1248.52,3643.27,10090.18,0.0461,0,synthetic_demo
SYN-0058,2022-12-31,retail,woman,48447.58,7106.18,4334.86,31637.82,24092.72,9922.81,10504.97,3812.46,15787.31,1263.27,8029.64,7100.71,-0.1214,1,synthetic_demo
SYN-0058,2023-12-31,retail,woman,60422.31,8446.98,6797.12,62268.44,47418.43,15857.58,26009.62,10296.05,21976.08,2121.59,11475.16,2282.32,0.2472,0,synthetic_demo
SYN-0059,2021-12-31,manufacturing,man,57363.92,12950.07,8804.14,38221.37,22205.19,21324.54,11605.16,9837.49,8656.7,1032.18,3724.63,11237.18,0.0439,0,synthetic_demo
SYN-0059,2022-12-31,manufacturing,man,59778.58,12447.81,10520.99,49075.68,28511.15,11488.05,10220.49,10993.63,14051.95,911.55,4488.01,10294.75,0.0421,0,synthetic_demo
SYN-0059,2023-12-31,manufacturing,man,45863.25,10545.21,7537.66,21950.55,12752.45,12629.89,9223.84,7484.74,9652.42,627.69,7370.44,8690.49,-0.2328,0,synthetic_demo
SYN-0060,2021-12-31,retail,woman,227945.22,20480.29,14330.22,103731.51,53241.88,47447.02,17035.98,-2277.46,44205.78,2608.82,33141.95,26353.41,0.1575,0,synthetic_demo
SYN-0060,2022-12-31,retail,woman,227892.53,16473.08,-2185.88,270050.56,138607.84,98861.46,56828.76,-20864.13,104855.59,5648.16,26999.53,27760.9,-0.0002,0,synthetic_demo
SYN-0060,2023-12-31,retail,woman,231053.38,9476.09,-3388.19,164032.83,84192.52,81159.58,43485.36,12254.77,31581.81,1667.56,33213.24,16442.14,0.0139,1,synthetic_demo
SYN-0061,2021-12-31,manufacturing,man,88363.98,11237.55,6465.02,82662.49,30664.1,39604.91,16219.74,5441.02,18012.85,1116.91,4796.95,9832.03,-0.0334,1,synthetic_demo
SYN-0061,2022-12-31,manufacturing,man,80091.75,8056.76,5390.18,72462.01,26880.18,13630.43,11418.0,3103.97,16175.27,943.64,8749.36,10923.61,-0.0936,1,synthetic_demo
SYN-0061,2023-12-31,manufacturing,man,59159.86,8895.86,6968.34,50152.78,18604.45,9513.57,14338.14,6992.76,8781.35,416.73,12810.25,9222.15,-0.2613,0,synthetic_demo
SYN-0062,2021-12-31,agriculture,woman,470637.08,31547.39,17883.81,563688.54,430190.52,247746.73,337249.3,33382.65,240269.49,20005.79,77802.63,24859.3,0.0891,1,synthetic_demo
SYN-0062,2022-12-31,agriculture,woman,560577.84,22014.28,7706.2,609026.56,464791.16,282311.11,371691.17,10888.84,171488.9,15828.81,25841.69,83948.66,0.1911,0,synthetic_demo
SYN-0062,2023-12-31,agriculture,woman,478301.32,-2222.17,-29975.8,278350.8,212429.14,148294.98,134556.16,-44558.26,140144.72,5928.17,38386.56,10743.17,-0.1468,0,synthetic_demo
SYN-0063,2021-12-31,services,woman,29139.7,3146.68,555.09,32133.22,7432.59,15766.98,2779.59,119.16,3229.22,205.35,1866.39,658.5,0.0647,0,synthetic_demo
SYN-0063,2022-12-31,services,woman,23335.24,1336.29,289.88,20579.33,4760.12,8173.63,2190.74,-1187.07,2339.28,118.33,2841.99,3807.81,-0.1992,1,synthetic_demo
SYN-0063,2023-12-31,services,woman,35222.61,844.98,-721.55,34299.8,7933.74,18180.27,4814.21,2360.67,5901.69,510.68,1665.16,2574.23,0.5094,1,synthetic_demo
SYN-0064,2021-12-31,agriculture,man,45367.97,7253.19,3485.59,42237.07,22084.45,24146.82,7708.35,1943.76,10281.37,573.83,7846.38,1750.56,0.1418,0,synthetic_demo
SYN-0064,2022-12-31,agriculture,man,43307.56,8031.67,6104.38,28084.52,14684.52,13616.2,9531.65,7519.3,12322.02,1424.33,2249.33,3973.72,-0.0454,0,synthetic_demo
SYN-0064,2023-12-31,agriculture,man,31226.79,1936.14,-161.34,20767.09,10858.46,5955.45,7924.94,-199.89,4644.26,474.37,1465.31,2368.74,-0.279,1,synthetic_demo
SYN-0065,2021-12-31,agriculture,woman,209643.85,14167.45,2161.43,213099.81,112461.02,102246.57,88585.79,981.76,67033.66,7580.6,16982.16,45082.39,0.1586,1,synthetic_demo
SYN-0065,2022-12-31,agriculture,woman,207336.61,3412.87,-10446.45,186920.32,98645.09,49763.48,42905.65,-4468.36,42754.27,2384.85,41118.94,21202.82,-0.011,0,synthetic_demo
SYN-0065,2023-12-31,agriculture,woman,151503.88,21131.39,8126.84,65552.78,34594.74,33189.73,22894.1,6317.7,30450.55,1939.29,22426.72,23322.16,-0.2693,1,synthetic_demo
SYN-0066,2021-12-31,agriculture,man,121708.77,38982.81,27722.23,138369.24,76815.32,75608.18,55701.18,35944.34,63845.26,2492.22,6141.3,12884.18,0.1533,0,synthetic_demo
SYN-0066,2022-12-31,agriculture,man,124159.08,35177.71,26455.55,125829.56,69853.95,56674.59,32533.58,32554.4,49073.8,5629.01,11277.59,9453.6,0.0201,0,synthetic_demo
SYN-0066,2023-12-31,agriculture,man,135455.78,45294.47,38756.51,128032.27,71076.78,37018.53,27086.65,44175.31,35455.65,2609.72,9512.74,8460.79,0.091,0,synthetic_demo
SYN-0067,2021-12-31,agriculture,man,65474.99,5129.41,1766.77,66365.25,49309.72,13454.03,33947.45,2522.49,40122.43,1994.37,14356.24,2226.54,-0.0367,1,synthetic_demo
SYN-0067,2022-12-31,agriculture,man,61966.43,6572.62,4486.52,34909.28,25937.77,14641.35,12370.48,3185.92,9089.98,574.48,2973.97,2015.2,-0.0536,0,synthetic_demo
SYN-0067,2023-12-31,agriculture,man,74268.5,4031.64,1194.65,72607.92,53948.06,33128.01,18779.08,7297.99,36708.56,3169.84,16154.83,12464.97,0.1985,0,synthetic_demo
SYN-0068,2021-12-31,services,man,114355.03,7444.61,-1233.88,91870.58,13460.86,18656.81,4580.36,2777.56,5997.85,282.98,10102.0,7193.67,0.0158,1,synthetic_demo
SYN-0068,2022-12-31,services,man,91035.6,4149.05,-2979.55,77644.99,11376.53,18768.46,8713.25,-1288.09,4570.57,516.1,14123.05,20411.32,-0.2039,0,synthetic_demo
SYN-0068,2023-12-31,services,man,107696.03,1921.54,-1874.8,74776.36,10956.22,37108.48,6520.12,12818.1,8060.48,291.02,9359.74,9986.88,0.183,0,synthetic_demo
SYN-0069,2021-12-31,retail,woman,127260.49,17103.17,13031.44,101444.31,58742.78,22809.68,32846.15,9032.92,34754.73,1607.98,26916.87,10520.65,0.0602,0,synthetic_demo
SYN-0069,2022-12-31,retail,woman,127441.92,9947.55,-392.26,83339.55,48258.96,33543.12,22815.32,-166.8,19938.63,1498.76,27361.96,18053.79,0.0014,0,synthetic_demo
SYN-0069,2023-12-31,retail,woman,161987.98,13407.12,1464.05,107045.51,61986.24,21108.31,21054.15,-3807.95,40968.2,3095.23,15819.53,11367.91,0.2711,1,synthetic_demo
SYN-0070,2021-12-31,retail,man,84683.06,771.22,-5285.72,67501.34,14345.29,20893.74,5058.56,-3457.75,9229.0,539.24,4440.15,5246.96,-0.0018,0,synthetic_demo
SYN-0070,2022-12-31,retail,man,81053.22,-1405.08,-6194.41,56343.42,11974.03,23191.55,6535.22,-989.63,8935.65,887.18,10288.99,10166.42,-0.0429,1,synthetic_demo
SYN-0070,2023-12-31,retail,man,60450.44,-147.22,-4195.79,59276.37,12597.33,12137.08,3939.83,-7120.86,4737.23,541.65,12593.5,8471.03,-0.2542,0,synthetic_demo
SYN-0071,2021-12-31,services,woman,130186.68,28753.42,21794.27,126540.29,76775.02,53364.94,55541.9,28527.78,60709.22,4738.37,9928.26,29645.07,-0.0859,1,synthetic_demo
SYN-0071,2022-12-31,services,woman,125247.19,33210.38,27097.1,103860.06,63014.38,30839.72,35312.33,24332.8,52662.36,2548.65,6782.06,16364.67,-0.0379,0,synthetic_demo
SYN-0071,2023-12-31,services,woman,108549.89,20730.94,14252.21,48373.82,29349.55,9456.55,13632.04,10508.95,12146.45,1003.92,13450.71,18360.93,-0.1333,0,synthetic_demo
SYN-0072,2021-12-31,manufacturing,man,179172.61,9989.51,3463.6,136890.15,69293.46,26628.18,50416.67,2972.39,58274.99,4141.52,6606.8,39666.55,-0.0278,0,synthetic_demo
SYN-0072,2022-12-31,manufacturing,man,233920.54,37516.84,16202.68,199845.17,101161.14,90749.48,58115.96,23019.74,46683.11,2699.39,14171.63,40631.85,0.3056,0,synthetic_demo
SYN-0072,2023-12-31,manufacturing,man,173122.61,17536.18,3096.1,87588.38,44337.02,38467.53,14826.91,5307.87,32391.58,3631.48,34179.3,34408.41,-0.2599,0,synthetic_demo
SYN-0073,2021-12-31,retail,man,72528.42,8575.76,2445.67,43591.23,8131.31,21565.22,2672.37,4998.36,5618.88,360.13,11380.85,7874.76,0.0323,1,synthetic_demo
SYN-0073,2022-12-31,retail,man,73075.74,8627.35,5532.37,77523.01,14460.79,31244.83,11457.34,9675.27,9535.31,789.19,7002.51,6643.65,0.0075,1,synthetic_demo
SYN-0073,2023-12-31,retail,man,36590.39,3418.17,565.65,25767.03,4806.47,8108.07,3073.91,145.5,4005.87,419.97,5964.15,5233.64,-0.4993,1,synthetic_demo
SYN-0074,2021-12-31,manufacturing,man,47562.73,11986.4,8734.06,20225.5,12869.63,9718.95,8963.83,7640.7,6544.33,401.7,10171.35,5547.08,0.0544,0,synthetic_demo
SYN-0074,2022-12-31,manufacturing,man,51829.44,7745.67,4845.79,55189.94,35117.77,30511.43,20443.74,7299.05,29849.33,3171.72,7212.16,9018.11,0.0897,0,synthetic_demo
SYN-0074,2023-12-31,manufacturing,man,47037.76,9011.41,7410.27,41339.11,26304.38,21594.93,15914.47,6652.35,9242.38,886.81,8245.03,4997.73,-0.0925,0,synthetic_demo
SYN-0075,2021-12-31,agriculture,man,74920.02,25402.47,18348.32,71284.21,8584.32,40177.87,5611.0,23079.98,4317.41,488.33,13091.8,11543.26,0.1634,1,synthetic_demo
SYN-0075,2022-12-31,agriculture,man,73939.31,16280.93,13870.43,37378.66,4501.28,14293.07,2323.4,12776.03,2518.55,267.46,9213.66,2271.34,-0.0131,1,synthetic_demo
SYN-0075,2023-12-31,agriculture,man,52743.19,15263.78,10663.75,31544.2,3798.68,7626.69,1716.21,12496.55,2566.76,283.11,4043.87,4884.3,-0.2867,0,synthetic_demo
SYN-0076,2021-12-31,retail,man,93429.78,28509.02,22809.58,97475.65,19059.79,53644.44,11652.12,27593.94,11894.33,925.79,18903.99,5659.8,0.1467,0,synthetic_demo
SYN-0076,2022-12-31,retail,man,131560.21,45197.8,37803.95,86735.51,16959.73,20485.2,7691.68,36134.36,13043.25,885.59,24564.84,10060.24,0.4081,0,synthetic_demo
SYN-0076,2023-12-31,retail,man,132595.63,43348.68,35539.47,130412.14,25500.0,65243.26,12628.19,34458.1,21759.81,1302.77,24360.24,12222.09,0.0079,0,synthetic_demo
SYN-0077,2021-12-31,agriculture,man,26454.04,1667.59,998.82,13793.65,10737.89,3696.97,8244.29,627.09,6718.32,375.89,1899.58,1843.09,0.0083,1,synthetic_demo
SYN-0077,2022-12-31,agriculture,man,18590.78,1162.62,-557.02,17879.42,13918.51,4360.71,6406.58,227.29,7669.47,449.34,2201.51,3789.04,-0.2972,1,synthetic_demo
SYN-0077,2023-12-31,agriculture,man,27243.57,1973.18,499.36,15474.87,12046.65,8759.65,7221.12,-411.13,4921.22,198.1,5097.1,1843.35,0.4654,0,synthetic_demo
SYN-0078,2021-12-31,services,man,61054.85,4090.61,1242.55,37409.08,5234.97,11182.76,2120.67,3580.27,4306.02,266.98,3073.7,3350.48,0.1183,0,synthetic_demo
SYN-0078,2022-12-31,services,man,56715.95,1907.52,-348.95,63193.56,8843.22,17453.39,4509.2,-148.73,6399.82,430.71,8026.84,5625.38,-0.0711,0,synthetic_demo
SYN-0078,2023-12-31,services,man,58633.0,4147.47,-346.75,39353.68,5507.1,11462.35,1798.99,-1474.85,3658.55,260.44,7335.19,3552.21,0.0338,1,synthetic_demo
SYN-0079,2021-12-31,manufacturing,man,392987.07,22135.3,11629.0,395549.89,208055.09,118571.85,67345.79,-21135.41,121290.28,10163.48,63505.36,13118.92,0.1298,1,synthetic_demo
SYN-0079,2022-12-31,manufacturing,man,439799.56,-11361.19,-48591.34,482339.76,253705.64,278261.27,171804.52,-24308.97,194618.8,18892.15,80629.92,99232.11,0.1191,0,synthetic_demo
SYN-0079,2023-12-31,manufacturing,man,419087.52,-21199.9,-52494.58,443975.82,233526.62,250737.32,99122.79,-54197.9,184403.13,21129.59,84981.29,61260.41,-0.0471,0,synthetic_demo
SYN-0080,2021-12-31,agriculture,man,57684.15,15856.3,10875.41,47208.14,13610.65,22037.13,5785.69,11920.06,5438.48,282.93,2924.52,7645.28,0.1359,0,synthetic_demo
SYN-0080,2022-12-31,agriculture,man,49432.74,9353.8,6986.75,31486.41,9077.89,7746.65,7208.65,11376.79,7809.86,438.44,2264.35,9580.39,-0.143,0,synthetic_demo
SYN-0080,2023-12-31,agriculture,man,46929.42,11042.32,8255.12,54897.25,15827.51,27839.84,11019.31,11106.44,11465.07,477.54,8223.63,10869.01,-0.0506,1,synthetic_demo
SYN-0081,2021-12-31,agriculture,man,173503.52,9916.66,3714.51,167353.31,45065.68,51864.17,14044.52,8375.26,21264.56,1924.71,26901.49,33180.69,-0.1131,0,synthetic_demo
SYN-0081,2022-12-31,agriculture,man,187023.83,5201.25,-7716.67,104546.57,28152.79,25402.63,17822.12,-1855.61,10165.39,1045.45,26189.86,9400.27,0.0779,0,synthetic_demo
SYN-0081,2023-12-31,agriculture,man,209337.16,12251.98,-2180.28,133612.42,35979.78,68994.49,24619.47,-6383.61,26164.74,984.9,35324.14,29285.48,0.1193,0,synthetic_demo
SYN-0082,2021-12-31,retail,man,19458.51,1815.77,399.6,18578.24,9885.1,9252.17,4364.17,200.46,3676.94,332.67,2870.21,4494.96,-0.0227,0,synthetic_demo
SYN-0082,2022-12-31,retail,man,18927.24,-77.98,-1351.23,14209.31,7560.48,4642.14,3746.07,-563.64,3800.91,392.88,2194.5,3319.34,-0.0273,1,synthetic_demo
SYN-0082,2023-12-31,retail,man,15284.5,1110.86,65.28,17736.39,9437.16,7192.5,4045.65,323.28,4985.35,331.54,1110.92,680.69,-0.1925,1,synthetic_demo
SYN-0083,2021-12-31,services,man,28285.57,4371.82,1710.65,27608.17,3348.14,15730.49,1070.27,367.24,2025.61,230.84,2323.18,1452.2,-0.0391,0,synthetic_demo
SYN-0083,2022-12-31,services,man,28937.49,3684.2,2670.39,19174.84,2325.4,4475.38,921.22,2273.4,1325.56,125.81,3851.98,2962.07,0.023,0,synthetic_demo
SYN-0083,2023-12-31,services,man,23412.15,2039.07,804.92,19170.3,2324.85,10086.89,1146.59,458.25,1420.46,112.34,3179.31,3870.06,-0.1909,0,synthetic_demo
SYN-0084,2021-12-31,manufacturing,man,32164.77,2031.57,1146.34,36338.18,12658.79,15060.13,7026.68,3824.73,8130.56,466.71,3164.93,5236.5,0.211,0,synthetic_demo
SYN-0084,2022-12-31,manufacturing,man,32497.14,1992.85,973.12,29067.86,10126.1,15484.1,4099.86,988.23,4534.45,272.53,3695.03,7506.38,0.0103,0,synthetic_demo
SYN-0084,2023-12-31,manufacturing,man,25072.18,-1024.54,-1879.02,29048.49,10119.35,9829.63,4632.32,-3037.05,4131.74,240.79,2477.14,999.85,-0.2285,0,synthetic_demo
SYN-0085,2021-12-31,manufacturing,man,51950.97,4059.74,390.59,30017.31,6441.89,7076.85,3522.05,-222.16,2448.73,177.5,7404.61,3716.03,0.0635,0,synthetic_demo
SYN-0085,2022-12-31,manufacturing,man,48434.76,-1885.02,-4192.94,57980.6,12442.98,20248.83,4234.85,-7510.93,11059.22,400.35,2548.55,5797.75,-0.0677,0,synthetic_demo
SYN-0085,2023-12-31,manufacturing,man,36233.54,-1591.16,-2883.71,22028.62,4727.47,5587.69,2589.0,-3399.54,3054.5,265.86,3036.39,2098.68,-0.2519,0,synthetic_demo
SYN-0086,2021-12-31,agriculture,woman,51491.16,-996.03,-4633.23,34272.78,16514.48,17087.95,12773.06,-4149.77,13976.26,1059.44,10424.87,6817.07,0.1277,0,synthetic_demo
SYN-0086,2022-12-31,agriculture,woman,56586.19,-126.17,-4525.47,61143.1,29462.05,31098.73,15355.47,-4627.56,16450.53,1868.7,7011.23,4365.94,0.0989,1,synthetic_demo
SYN-0086,2023-12-31,agriculture,woman,48503.31,-572.25,-2779.77,41072.1,19790.76,20999.25,14344.91,-3773.13,11809.72,809.97,8876.81,11286.74,-0.1428,0,synthetic_demo
SYN-0087,2021-12-31,retail,man,52708.0,710.68,-714.29,38288.63,7596.19,13319.21,2942.84,-1320.63,5362.27,483.58,7441.69,2865.9,0.0555,0,synthetic_demo
SYN-0087,2022-12-31,retail,man,40211.67,3017.53,1806.07,33830.51,6711.73,13387.08,4084.17,577.78,5757.14,250.9,7096.97,8199.27,-0.2371,1,synthetic_demo
SYN-0087,2023-12-31,retail,man,51709.28,1629.79,-1688.95,49416.91,9803.96,14727.03,6170.41,1024.91,8312.35,932.07,2723.24,9133.94,0.2859,0,synthetic_demo
SYN-0088,2021-12-31,agriculture,man,84444.26,11188.01,4358.59,92453.22,30719.5,34523.88,23823.66,3716.66,16124.4,1092.36,18523.14,4523.21,0.0257,0,synthetic_demo
SYN-0088,2022-12-31,agriculture,man,83735.96,9772.9,7560.11,76109.01,25288.8,29235.78,14026.43,7441.96,14796.12,1594.39,13918.23,16333.19,-0.0084,0,synthetic_demo
SYN-0088,2023-12-31,agriculture,man,68833.15,7611.29,3887.59,42612.05,14158.74,19438.05,7327.77,6569.45,5198.84,391.41,9806.05,1472.44,-0.178,0,synthetic_demo
SYN-0089,2021-12-31,agriculture,man,152010.24,10442.59,1752.42,93353.47,23979.34,31895.32,13626.1,-6564.2,8648.71,822.33,33320.48,12907.68,0.079,0,synthetic_demo
SYN-0089,2022-12-31,agriculture,man,163878.6,15336.92,5684.12,183720.55,47191.58,42431.08,30660.93,2429.63,35354.17,3662.02,8892.86,8105.67,0.0781,1,synthetic_demo
SYN-0089,2023-12-31,agriculture,man,118589.82,-439.36,-10747.51,127127.14,32654.65,49281.64,11714.53,-14900.0,16454.28,719.06,8649.27,23406.18,-0.2764,1,synthetic_demo
SYN-0090,2021-12-31,services,woman,199012.51,46546.37,32112.2,153338.35,94412.51,62411.79,37081.65,38673.39,38937.3,4592.69,32167.88,11936.87,-0.0586,1,synthetic_demo
SYN-0090,2022-12-31,services,woman,208460.42,50912.45,31455.99,185633.93,114297.33,74748.05,48906.72,25742.17,51096.82,4969.02,37106.88,7249.38,0.0475,1,synthetic_demo
SYN-0090,2023-12-31,services,woman,236766.55,59990.91,49707.2,252377.94,155392.52,96791.29,102404.13,31239.75,95093.46,3496.29,16861.98,46416.66,0.1358,0,synthetic_demo
SYN-0091,2021-12-31,manufacturing,man,45367.39,1498.0,-2230.58,28927.5,13604.58,15478.31,6007.34,-4321.64,11938.62,937.24,5137.38,9046.74,0.1618,0,synthetic_demo
SYN-0091,2022-12-31,manufacturing,man,41189.87,1631.37,-1416.71,18651.26,8771.67,9748.91,3899.46,-1269.89,5022.76,327.51,6131.96,1999.63,-0.0921,0,synthetic_demo
SYN-0091,2023-12-31,manufacturing,man,46111.86,1397.15,-1659.72,41118.13,19337.83,8474.9,6525.76,-3409.25,7665.32,530.84,5408.67,6900.33,0.1195,0,synthetic_demo
SYN-0092,2021-12-31,retail,man,39890.09,-716.24,-2435.56,46000.71,27193.23,17854.81,19008.6,-2651.11,18901.89,1657.18,8294.35,7711.92,-0.0085,0,synthetic_demo
SYN-0092,2022-12-31,retail,man,42654.36,-1597.81,-4877.99,19874.97,11749.05,7957.65,3870.14,-6160.9,5414.59,613.1,2295.96,9671.38,0.0693,1,synthetic_demo
SYN-0092,2023-12-31,retail,man,60516.14,-1723.33,-3764.1,26594.38,15721.21,13420.55,5718.02,-6817.32,9923.21,544.93,10293.16,13853.34,0.4188,0,synthetic_demo
SYN-0093,2021-12-31,retail,woman,70148.26,9414.67,4018.98,67301.1,45046.69,20564.16,24463.92,8789.14,39357.76,3190.23,11013.38,16508.54,0.2155,0,synthetic_demo
SYN-0093,2022-12-31,retail,woman,67050.87,8323.11,5869.43,50753.05,33970.58,11547.89,18888.35,2602.59,17196.02,849.9,11322.55,4221.06,-0.0442,0,synthetic_demo
SYN-0093,2023-12-31,retail,woman,83470.77,10912.89,7924.89,65762.46,44016.83,35913.59,19879.07,14281.53,35790.56,3023.22,6025.59,15631.16,0.2449,0,synthetic_demo
SYN-0094,2021-12-31,retail,woman,51415.47,-1785.65,-6379.39,22373.43,9168.73,8218.55,5480.81,-6355.68,4586.41,501.65,3354.06,5228.01,0.0836,1,synthetic_demo
SYN-0094,2022-12-31,retail,woman,36691.6,-720.05,-2420.59,30713.77,12586.64,5555.94,6989.74,-3315.63,4502.05,392.38,2834.82,5514.22,-0.2864,0,synthetic_demo
SYN-0094,2023-12-31,retail,woman,33540.81,-1510.21,-3700.71,22148.3,9076.47,11352.0,4411.18,-5499.66,7679.38,809.73,2640.12,2857.85,-0.0859,1,synthetic_demo
SYN-0095,2021-12-31,agriculture,man,89629.08,7598.6,1258.39,76425.04,53453.43,39503.86,42058.87,3352.09,19304.3,1541.99,8679.73,4730.19,-0.24,0,synthetic_demo
SYN-0095,2022-12-31,agriculture,man,66084.46,7413.22,4995.37,44619.78,31208.11,11153.46,11723.45,3221.88,27561.27,3288.37,5191.79,14488.08,-0.2627,1,synthetic_demo
SYN-0095,2023-12-31,agriculture,man,82134.65,1436.74,-3256.74,68855.89,48159.4,35212.82,37808.42,-3745.89,23155.5,2366.15,6544.12,17262.99,0.2429,0,synthetic_demo
SYN-0096,2021-12-31,agriculture,man,91655.52,11329.96,4094.75,64060.48,19880.22,24186.92,14474.74,4366.9,12194.63,898.46,13688.17,11116.63,0.1044,1,synthetic_demo
SYN-0096,2022-12-31,agriculture,man,91869.74,10362.09,7280.68,61616.35,19121.72,23801.91,14125.48,13185.63,12886.95,780.01,10544.33,7871.33,0.0023,0,synthetic_demo
SYN-0096,2023-12-31,agriculture,man,88716.44,5328.03,-1121.41,96118.79,29829.05,38750.74,19749.69,-5129.17,22471.4,1838.49,15752.73,7963.77,-0.0343,0,synthetic_demo
SYN-0097,2021-12-31,services,man,27779.44,4302.8,1702.62,33111.25,5941.36,10668.7,2598.98,1656.16,3692.02,356.96,2430.57,986.38,0.0741,0,synthetic_demo
SYN-0097,2022-12-31,services,man,26474.29,3084.21,587.42,27014.5,4847.38,5127.17,3159.86,-153.4,3627.1,211.5,4911.04,1463.69,-0.047,0,synthetic_demo
SYN-0097,2023-12-31,services,man,25138.46,2257.45,135.59,16508.06,2962.15,4046.12,1428.04,472.62,2464.47,258.32,1247.57,3208.43,-0.0505,1,synthetic_demo
SYN-0098,2021-12-31,services,man,107054.43,18015.07,13819.55,118741.57,80851.92,44966.85,53759.21,12276.81,38768.39,4579.85,12354.39,6423.2,0.053,0,synthetic_demo
SYN-0098,2022-12-31,services,man,99324.72,12376.36,8378.95,92205.62,62783.42,28466.8,45742.7,11940.98,46143.13,5432.28,19354.98,8621.58,-0.0722,0,synthetic_demo
SYN-0098,2023-12-31,services,man,85490.0,12032.27,4278.09,72535.54,49389.93,27917.09,20135.22,3664.05,29418.04,3279.11,4720.34,13424.26,-0.1393,0,synthetic_demo
SYN-0099,2021-12-31,services,woman,30116.56,4529.11,3310.44,13894.73,4097.75,6334.62,1589.62,1279.07,2201.31,77.22,3693.71,860.46,0.1601,0,synthetic_demo
SYN-0099,2022-12-31,services,woman,29613.79,5684.56,4686.24,23148.79,6826.9,11598.9,2478.99,4281.38,5560.02,605.81,5869.03,1291.77,-0.0167,0,synthetic_demo
SYN-0099,2023-12-31,services,woman,25496.1,4086.52,2841.7,12360.63,3645.32,4244.72,2571.59,3580.74,2437.23,148.79,1057.05,2087.47,-0.139,0,synthetic_demo
SYN-0100,2021-12-31,agriculture,woman,82805.67,-12434.37,-19469.56,99167.19,20564.73,29175.35,10828.17,-18118.45,11132.28,835.9,6644.67,14900.34,-0.0918,0,synthetic_demo
SYN-0100,2022-12-31,agriculture,woman,80430.28,-11832.03,-15770.06,66711.3,13834.21,38092.31,7223.99,-17429.21,10744.33,647.24,4101.36,9180.05,-0.0287,1,synthetic_demo
SYN-0100,2023-12-31,agriculture,woman,101471.97,-17531.03,-21123.48,57956.55,12018.7,24118.49,6650.01,-18578.27,6485.55,526.37,8569.97,15701.57,0.2616,1,synthetic_demo
SYN-0101,2021-12-31,agriculture,man,29483.33,2117.83,1278.51,17825.83,5189.6,8527.48,3326.01,1222.9,4411.76,393.79,2174.25,2053.23,-0.0299,0,synthetic_demo
SYN-0101,2022-12-31,agriculture,man,30462.73,1868.98,-22.33,27457.89,7993.76,6159.4,3184.21,-1666.5,6617.93,503.07,6274.2,4261.01,0.0332,0,synthetic_demo
SYN-0101,2023-12-31,agriculture,man,41753.68,4588.83,2748.57,33942.82,9881.7,12997.71,5130.62,2304.68,8469.41,706.52,3117.08,7351.61,0.3706,0,synthetic_demo
SYN-0102,2021-12-31,agriculture,woman,71632.09,7872.7,1233.39,47328.75,19629.29,25866.15,11633.4,7206.0,17640.98,1095.62,12440.72,3588.98,-0.0978,0,synthetic_demo
SYN-0102,2022-12-31,agriculture,woman,87722.19,10582.18,3214.8,58453.55,24243.24,14906.39,13081.81,3613.11,10904.61,786.58,6457.62,2643.44,0.2246,0,synthetic_demo
SYN-0102,2023-12-31,agriculture,woman,49018.43,4968.41,2000.85,37267.35,15456.39,14422.54,9899.56,2797.16,10331.96,737.52,1859.98,3529.43,-0.4412,0,synthetic_demo
SYN-0103,2021-12-31,manufacturing,woman,138782.48,13973.99,4737.61,77657.31,45942.41,38419.13,34662.93,-776.08,26540.61,2468.13,23860.46,12918.82,0.1193,0,synthetic_demo
SYN-0103,2022-12-31,manufacturing,woman,137862.3,-1661.97,-8918.88,152415.68,90169.79,44196.38,46395.74,-15480.37,52635.71,2459.22,21553.99,6900.42,-0.0066,0,synthetic_demo
SYN-0103,2023-12-31,manufacturing,woman,181924.35,12609.87,7765.54,88717.54,52485.68,32401.3,32284.88,6849.0,45781.43,3569.07,36193.92,14502.4,0.3196,0,synthetic_demo
SYN-0104,2021-12-31,manufacturing,woman,133964.54,-4120.19,-13850.06,117337.86,36800.39,47142.58,15123.13,-12769.94,23391.16,1541.36,8399.69,20269.4,0.0575,0,synthetic_demo
SYN-0104,2022-12-31,manufacturing,woman,123366.67,6792.48,1285.8,118694.77,37225.96,68829.43,15356.15,4916.2,21092.57,1220.01,20111.08,15519.5,-0.0791,1,synthetic_demo
SYN-0104,2023-12-31,manufacturing,woman,124055.16,-606.48,-8676.44,80018.59,25096.04,42518.13,16440.0,-8609.95,11266.55,510.87,20005.2,8395.65,0.0056,1,synthetic_demo
SYN-0105,2021-12-31,retail,man,135602.63,14330.43,6437.44,98168.65,72760.11,28498.83,53834.35,3618.65,31906.84,1702.85,16912.04,24092.03,0.0705,1,synthetic_demo
SYN-0105,2022-12-31,retail,man,125045.88,13104.3,4449.03,114067.09,84543.63,37130.98,55983.1,7716.23,36738.81,3966.29,5610.8,18875.36,-0.0779,0,synthetic_demo
SYN-0105,2023-12-31,retail,man,112448.01,8971.32,4287.45,104729.97,77623.19,28394.86,52078.21,-1215.49,56674.45,3080.93,8859.39,23491.3,-0.1007,1,synthetic_demo
SYN-0106,2021-12-31,manufacturing,woman,31112.84,7358.98,6426.96,20790.7,4673.21,8908.68,2866.21,6145.28,1715.7,187.33,4439.83,3442.15,-0.1747,0,synthetic_demo
SYN-0106,2022-12-31,manufacturing,woman,25878.23,5398.03,4148.21,15388.98,3459.04,3758.74,1569.02,4248.95,1801.84,92.11,5307.33,1104.53,-0.1682,1,synthetic_demo
SYN-0106,2023-12-31,manufacturing,woman,24143.64,4259.73,2616.37,14350.12,3225.54,5287.44,1537.27,1422.43,1427.67,130.42,4270.27,1367.98,-0.067,1,synthetic_demo
SYN-0107,2021-12-31,retail,man,111900.58,13225.35,6615.42,110385.26,60658.32,32729.82,33560.58,12935.8,27801.62,2006.8,22951.09,22915.62,0.0027,0,synthetic_demo
SYN-0107,2022-12-31,retail,man,102639.82,17152.17,8467.31,68896.23,37859.49,13104.94,11499.0,10778.85,25577.93,2036.2,15270.01,6527.65,-0.0828,0,synthetic_demo
SYN-0107,2023-12-31,retail,man,59381.01,6096.94,460.35,31922.07,17541.65,10827.33,7418.23,3459.99,9190.56,970.56,3826.32,13993.36,-0.4215,1,synthetic_demo
SYN-0108,2021-12-31,services,man,124649.9,-1309.46,-12469.92,68747.24,13707.41,20680.58,5105.42,-13374.3,6012.84,529.15,12606.51,10068.49,-0.0619,0,synthetic_demo
SYN-0108,2022-12-31,services,man,147001.57,1891.84,-5384.73,174603.31,34813.91,65509.5,13046.72,-1356.88,16460.97,820.24,20955.07,16416.29,0.1793,1,synthetic_demo
SYN-0108,2023-12-31,services,man,99525.54,4219.36,-663.04,114567.94,22843.54,39513.6,15520.63,3766.63,11644.69,1392.24,13713.49,17084.92,-0.323,0,synthetic_demo
SYN-0109,2021-12-31,retail,woman,97180.29,28952.7,25354.83,53300.55,26210.5,20467.18,18828.06,18531.16,13326.6,1319.82,20229.9,4438.69,0.0505,0,synthetic_demo
SYN-0109,2022-12-31,retail,woman,122524.64,30956.94,23154.77,110964.58,54566.73,39132.78,31493.14,24448.52,28306.96,2048.18,9134.99,27160.39,0.2608,0,synthetic_demo
SYN-0109,2023-12-31,retail,woman,125669.59,22049.92,16907.85,138502.27,68108.36,27999.18,21790.78,14021.24,42569.08,3738.67,17486.57,11332.04,0.0257,0,synthetic_demo
SYN-0110,2021-12-31,services,man,57844.16,-1730.82,-5563.99,34100.22,24255.36,6188.86,11215.1,-3707.94,9326.67,565.67,12631.54,13113.01,0.0029,1,synthetic_demo
SYN-0110,2022-12-31,services,man,49266.72,-1556.15,-4945.6,49370.17,35116.82,15439.29,23114.48,-2685.35,14688.75,572.61,3313.8,1510.95,-0.1483,1,synthetic_demo
SYN-0110,2023-12-31,services,man,53432.33,575.06,-4000.45,38483.66,27373.29,17300.58,8955.05,-4525.19,9628.94,771.19,10716.38,7798.33,0.0846,0,synthetic_demo
SYN-0111,2021-12-31,agriculture,man,43047.96,12189.31,9729.44,36308.46,20530.69,9035.84,7906.68,8492.42,10091.19,370.11,1921.51,9667.48,0.2738,1,synthetic_demo
SYN-0111,2022-12-31,agriculture,man,35823.67,6375.75,5385.21,40501.13,22901.44,14559.86,11165.75,4977.74,13113.57,595.71,1932.28,5136.74,-0.1678,1,synthetic_demo
SYN-0111,2023-12-31,agriculture,man,38396.73,10481.38,7060.97,16259.87,9194.18,4461.01,6437.06,8112.87,4193.79,291.16,6404.92,6063.72,0.0718,1,synthetic_demo
SYN-0112,2021-12-31,agriculture,woman,254885.34,33874.71,18950.83,208323.93,102659.27,46076.17,72984.09,21972.28,47305.5,2693.59,46834.22,47250.59,0.11,0,synthetic_demo
SYN-0112,2022-12-31,agriculture,woman,195593.05,33065.18,23130.46,181436.65,89409.57,43897.83,66416.24,18864.27,60064.26,3776.23,38321.27,43368.94,-0.2326,0,synthetic_demo
SYN-0112,2023-12-31,agriculture,woman,199683.74,23247.21,15770.05,143345.53,70638.77,58905.78,46610.43,9953.76,54113.39,6298.55,18169.77,47316.16,0.0209,0,synthetic_demo
SYN-0113,2021-12-31,retail,man,20716.56,4909.5,2953.9,22640.67,14446.44,10979.84,8548.64,4874.11,10365.2,593.87,1079.82,2939.35,-0.0658,0,synthetic_demo
SYN-0113,2022-12-31,retail,man,20635.25,5470.07,4339.69,24741.3,15786.8,6273.75,6960.14,4338.23,8082.88,721.38,2039.39,2210.72,-0.0039,1,synthetic_demo
SYN-0113,2023-12-31,retail,man,26892.25,8681.65,7733.77,24597.34,15694.94,4832.42,5848.5,7154.92,12949.96,1467.29,3119.15,2571.9,0.3032,0,synthetic_demo
SYN-0114,2021-12-31,retail,man,23243.87,573.12,-493.04,15920.97,3600.45,8398.28,2128.64,475.16,1344.0,129.68,4033.19,3871.48,0.1212,1,synthetic_demo
SYN-0114,2022-12-31,retail,man,25366.99,570.9,-709.16,28547.98,6455.99,11940.34,3281.81,-1423.84,5555.83,498.87,1250.45,1300.84,0.0913,0,synthetic_demo
SYN-0114,2023-12-31,retail,man,24250.91,-80.55,-738.12,25851.85,5846.28,6156.23,4668.33,412.68,3061.3,276.34,3907.57,1848.84,-0.044,0,synthetic_demo
SYN-0115,2021-12-31,agriculture,man,238670.39,50356.62,35002.61,116251.38,30762.09,42107.69,23535.8,33875.14,13994.25,1653.58,28828.18,27547.74,0.0883,0,synthetic_demo
SYN-0115,2022-12-31,agriculture,man,317819.08,76557.37,56314.65,302505.62,80048.13,100941.04,29879.52,84565.73,36875.17,2402.26,20732.0,22193.7,0.3316,0,synthetic_demo
SYN-0115,2023-12-31,agriculture,man,287585.94,64835.93,54671.86,283933.79,75133.71,54660.35,58602.13,86086.66,45658.74,3091.44,36104.84,55445.9,-0.0951,1,synthetic_demo
SYN-0116,2021-12-31,services,man,131353.23,30066.38,24905.09,98909.88,73928.04,21437.65,52858.06,27812.83,55624.94,2682.31,7736.1,26088.43,0.1799,1,synthetic_demo
SYN-0116,2022-12-31,services,man,115966.16,19100.63,11538.21,80549.12,60204.69,28855.92,18237.51,22093.05,38866.3,1936.98,24046.32,15851.17,-0.1171,1,synthetic_demo
SYN-0116,2023-12-31,services,man,129443.86,26973.12,16399.64,65542.87,48988.59,31196.92,16048.72,17495.17,20007.9,940.74,16944.26,5340.54,0.1162,0,synthetic_demo
SYN-0117,2021-12-31,agriculture,man,42345.94,1422.21,-721.8,50777.58,13055.03,9146.35,6203.54,-831.5,4755.42,535.32,8380.14,2180.79,0.0211,0,synthetic_demo
SYN-0117,2022-12-31,agriculture,man,53533.74,1637.27,-848.74,35988.97,9252.85,10084.24,7237.22,-108.91,7617.28,431.65,3569.25,7039.79,0.2642,1,synthetic_demo
SYN-0117,2023-12-31,agriculture,man,42189.86,-186.52,-2207.32,37184.47,9560.21,14683.21,5105.56,-31.61,3877.9,459.12,2850.69,2632.79,-0.2119,1,synthetic_demo
SYN-0118,2021-12-31,retail,man,256009.0,4422.97,-11274.73,298138.59,84882.36,94585.97,61176.07,-2847.62,67550.09,7185.1,44584.11,21897.08,0.0624,0,synthetic_demo
SYN-0118,2022-12-31,retail,man,191437.27,-8157.69,-25963.33,169762.25,48332.63,67948.46,21509.17,-40119.37,32863.3,3024.35,22807.2,15952.37,-0.2522,1,synthetic_demo
SYN-0118,2023-12-31,retail,man,273954.61,-6950.9,-31623.42,179754.99,51177.64,80556.44,19172.97,-3423.84,27282.05,1189.55,18441.68,61695.71,0.431,0,synthetic_demo
SYN-0119,2021-12-31,services,man,37601.07,2597.47,-581.63,25353.38,6290.36,14524.76,4015.57,-639.21,2645.03,249.56,3991.14,3435.04,0.067,0,synthetic_demo
SYN-0119,2022-12-31,services,man,40593.04,1638.23,-1037.78,32548.82,8075.59,11414.61,5617.11,-1332.1,5552.31,463.27,6178.94,8985.57,0.0796,0,synthetic_demo
SYN-0119,2023-12-31,services,man,48802.09,3937.27,2520.59,54652.54,13559.68,21818.6,7841.26,190.12,11535.59,824.54,8109.59,1482.0,0.2022,0,synthetic_demo
SYN-0120,2021-12-31,manufacturing,woman,140880.03,8089.05,-1425.8,93429.06,49882.07,39784.48,15223.96,3542.92,35062.36,3518.23,6467.88,12229.07,0.1285,0,synthetic_demo
SYN-0120,2022-12-31,manufacturing,woman,103474.97,290.5,-6372.17,97430.16,52018.27,45262.38,16856.74,-5575.4,25718.6,2642.4,18628.71,10618.92,-0.2655,0,synthetic_demo
SYN-0120,2023-12-31,manufacturing,woman,143742.38,7176.33,-43.38,80859.06,43170.9,28944.33,25703.39,4344.8,36084.82,1885.37,29279.78,28156.61,0.3892,1,synthetic_demo
SYN-0121,2021-12-31,retail,man,23980.78,4612.05,2554.03,26754.71,3482.44,13722.85,2115.91,3163.47,2477.56,202.36,3128.05,5247.81,0.0201,1,synthetic_demo
SYN-0121,2022-12-31,retail,man,21060.9,4612.7,4063.78,14973.28,1948.95,6193.24,994.52,4595.02,867.91,44.78,3734.65,4554.39,-0.1218,0,synthetic_demo
SYN-0121,2023-12-31,retail,man,26949.86,2855.76,2080.68,17438.08,2269.77,9421.32,1650.22,2698.11,949.08,41.06,1258.76,5036.72,0.2796,0,synthetic_demo
SYN-0122,2021-12-31,services,woman,144473.74,11914.56,7308.2,72414.8,48803.25,36967.63,38963.46,3719.3,22403.81,2237.87,6776.62,5068.6,0.0143,0,synthetic_demo
SYN-0122,2022-12-31,services,woman,121055.07,12246.82,3451.25,136419.89,91938.87,39589.64,68328.99,5024.69,47283.97,2281.53,25563.79,18739.72,-0.1621,0,synthetic_demo
SYN-0122,2023-12-31,services,woman,149986.54,5934.73,262.26,155153.14,104563.97,70133.0,34905.52,-4348.08,88180.73,10346.71,32092.84,4214.0,0.239,1,synthetic_demo
SYN-0123,2021-12-31,services,man,71394.23,5269.96,1136.29,34441.66,6085.84,16458.24,4661.22,3301.75,5178.99,339.04,10638.94,6949.73,0.0497,0,synthetic_demo
SYN-0123,2022-12-31,services,man,75235.52,3330.56,-2362.88,44711.48,7900.51,20707.23,4538.77,-20.51,2928.37,350.29,16473.15,9201.3,0.0538,0,synthetic_demo
SYN-0123,2023-12-31,services,man,46162.12,5301.09,3719.04,48617.19,8590.65,24697.34,5544.0,-331.27,5194.46,522.63,6957.13,6197.85,-0.3864,0,synthetic_demo
SYN-0124,2021-12-31,services,man,86533.56,7231.83,4616.05,92389.33,36327.02,44529.89,20229.8,2637.42,13964.23,1339.25,11411.27,16842.53,0.0663,0,synthetic_demo
SYN-0124,2022-12-31,services,man,94128.83,7960.2,4563.19,101612.6,39953.56,25362.0,19301.91,767.54,29825.54,1673.05,12443.51,18280.06,0.0878,0,synthetic_demo
SYN-0124,2023-12-31,services,man,121192.49,12328.56,7615.3,60012.94,23596.79,23107.7,12663.94,7726.05,19601.74,1240.6,10311.8,17552.24,0.2875,0,synthetic_demo
SYN-0125,2021-12-31,agriculture,woman,101791.02,557.89,-5647.32,62701.8,16606.73,31872.06,9809.65,-1995.34,6208.23,350.51,14892.34,2722.58,0.0748,0,synthetic_demo
SYN-0125,2022-12-31,agriculture,woman,60909.22,5391.49,2634.8,59576.79,15779.06,15374.25,9760.2,-2459.16,6636.1,319.68,3998.03,7620.6,-0.4016,0,synthetic_demo
SYN-0125,2023-12-31,agriculture,woman,107704.71,7670.71,4661.21,64012.02,16953.74,36098.02,9260.98,4032.01,13255.51,642.02,20562.02,4164.71,0.7683,0,synthetic_demo
SYN-0126,2021-12-31,services,woman,46101.96,7897.09,5244.34,49325.92,33504.7,11608.77,23416.85,5026.54,12229.98,1088.61,6931.56,3886.01,-0.4181,1,synthetic_demo
SYN-0126,2022-12-31,services,woman,52830.84,8416.5,3882.76,33073.67,22465.34,16509.51,15469.4,1068.25,15209.54,1134.46,1940.31,9737.18,0.146,1,synthetic_demo
SYN-0126,2023-12-31,services,woman,27234.31,4901.45,3630.69,30077.93,20430.48,17354.47,8660.27,6415.93,7666.85,628.5,2161.45,2903.99,-0.4845,0,synthetic_demo
SYN-0127,2021-12-31,agriculture,woman,23801.12,4470.93,3116.61,22387.2,11467.91,9868.71,5430.23,3942.42,6337.22,246.36,2727.42,3832.79,-0.024,0,synthetic_demo
SYN-0127,2022-12-31,agriculture,woman,25787.39,3775.13,2696.04,13960.38,7151.25,4246.2,4628.23,2242.08,4459.93,264.7,3864.49,5049.88,0.0835,0,synthetic_demo
SYN-0127,2023-12-31,agriculture,woman,19831.45,1994.73,574.52,11748.1,6018.0,3735.67,2287.66,564.44,4607.58,372.45,3729.65,1864.94,-0.231,0,synthetic_demo
SYN-0128,2021-12-31,agriculture,man,192568.63,29236.27,12812.74,166789.36,61627.0,68762.43,43629.79,23259.46,34323.43,2530.17,10974.24,27964.46,0.1093,1,synthetic_demo
SYN-0128,2022-12-31,agriculture,man,172726.33,27802.45,23361.72,178013.78,65774.31,86163.57,42859.83,23536.46,54032.43,2444.48,7920.09,9398.16,-0.103,0,synthetic_demo
SYN-0128,2023-12-31,agriculture,man,317469.18,63321.35,52013.74,166253.0,61428.81,85695.91,45183.53,80227.25,51176.99,5809.8,21320.57,32095.11,0.838,0,synthetic_demo
SYN-0129,2021-12-31,retail,man,374233.31,94307.59,74780.81,158812.48,110945.41,91899.51,62611.53,77061.45,86380.9,3728.77,31525.39,48825.93,0.0999,1,synthetic_demo
SYN-0129,2022-12-31,retail,man,395511.7,116021.65,81581.91,177907.43,124285.02,72620.6,87508.14,84033.65,52671.1,3648.38,25148.7,42838.68,0.0569,0,synthetic_demo
SYN-0129,2023-12-31,retail,man,535653.3,99528.4,79275.77,281992.93,196998.51,56437.6,60364.9,62593.45,168477.46,13393.06,80766.35,52869.5,0.3543,1,synthetic_demo
SYN-0130,2021-12-31,services,man,33252.42,3375.66,1109.9,23008.3,3263.02,4752.17,1168.94,-2291.59,2450.79,288.36,3467.95,1141.13,-0.1679,0,synthetic_demo
SYN-0130,2022-12-31,services,man,30688.1,5047.81,2175.89,33109.07,4695.5,11649.48,3678.32,2082.89,3800.25,251.79,4482.29,1186.53,-0.0771,0,synthetic_demo
SYN-0130,2023-12-31,services,man,36039.35,7055.74,6013.63,26007.09,3688.3,13660.5,1107.26,5098.13,1558.29,145.52,3539.62,1246.56,0.1744,0,synthetic_demo
SYN-0131,2021-12-31,manufacturing,woman,60266.72,12037.11,8652.99,36918.74,7272.49,9458.87,2847.84,4666.73,6372.8,307.94,3178.33,9693.16,0.004,0,synthetic_demo
SYN-0131,2022-12-31,manufacturing,woman,63567.97,13515.66,10667.04,63053.05,12420.59,29533.09,5952.29,11842.64,9844.43,425.75,7531.97,1874.68,0.0548,1,synthetic_demo
SYN-0131,2023-12-31,manufacturing,woman,44563.93,9853.9,7304.2,38548.68,7593.56,16998.12,4565.56,4690.18,6381.38,602.25,9647.27,5055.63,-0.299,0,synthetic_demo
SYN-0132,2021-12-31,services,man,46553.98,9141.42,5633.02,49015.62,37928.9,12713.1,25185.44,5503.37,27055.15,2379.35,6891.18,9532.08,0.2122,1,synthetic_demo
SYN-0132,2022-12-31,services,man,47735.07,11027.05,8143.17,49396.77,38223.83,17979.41,30383.53,9527.63,16504.78,784.12,7652.44,5110.93,0.0254,1,synthetic_demo
SYN-0132,2023-12-31,services,man,35802.82,6958.72,4726.87,25704.67,19890.59,7173.43,7512.67,5885.71,13511.25,697.41,4143.33,4218.43,-0.25,1,synthetic_demo
SYN-0133,2021-12-31,retail,woman,123630.57,28177.63,22039.89,139478.51,63662.8,70771.33,26281.67,14404.08,39436.85,2790.69,19621.34,25269.69,0.2922,0,synthetic_demo
SYN-0133,2022-12-31,retail,woman,121993.93,16454.28,8141.86,67132.01,30641.36,37259.94,23954.21,7899.84,12260.93,1297.52,8890.09,13964.19,-0.0132,0,synthetic_demo
SYN-0133,2023-12-31,retail,woman,142858.57,20609.93,16495.36,113731.19,51910.83,60728.62,19165.55,11987.44,25173.15,1850.96,27157.06,5202.7,0.171,0,synthetic_demo
SYN-0134,2021-12-31,services,woman,49748.02,1983.89,-194.55,46365.42,19680.66,9446.14,13478.83,186.12,15005.66,635.7,9459.41,7131.89,-0.0094,0,synthetic_demo
SYN-0134,2022-12-31,services,woman,36722.19,2837.73,-126.53,42019.44,17835.92,24220.5,6525.06,-872.19,15147.89,1359.85,3179.75,8531.76,-0.2618,1,synthetic_demo
SYN-0134,2023-12-31,services,woman,39237.22,1285.22,-2019.2,42451.54,18019.34,19687.68,6818.28,-274.12,9769.51,468.73,6395.43,5151.17,0.0685,0,synthetic_demo
SYN-0135,2021-12-31,services,woman,289914.53,65416.57,53098.76,163437.55,84368.98,67273.77,42313.1,57538.08,68811.07,8009.41,37458.04,35742.9,0.0163,0,synthetic_demo
SYN-0135,2022-12-31,services,woman,261205.41,28593.98,13803.26,255137.92,131706.13,138345.23,97515.41,11098.18,109338.08,9755.53,55276.4,47004.21,-0.099,0,synthetic_demo
SYN-0135,2023-12-31,services,woman,270505.98,39212.22,14597.93,205013.41,105831.08,77895.39,49115.04,16261.94,52966.72,3979.11,26892.7,43462.07,0.0356,0,synthetic_demo
SYN-0136,2021-12-31,manufacturing,man,66350.45,1705.22,-1306.92,42580.6,15199.08,12707.55,11214.84,1392.41,7028.98,667.67,13025.8,10940.24,-0.0558,0,synthetic_demo
SYN-0136,2022-12-31,manufacturing,man,76082.97,-2185.6,-5785.88,89889.78,32086.02,21093.61,19669.07,-6127.72,14788.51,1273.22,13345.89,14798.41,0.1467,1,synthetic_demo
SYN-0136,2023-12-31,manufacturing,man,43047.81,-1735.55,-5711.23,18161.05,6482.56,4683.24,4292.24,-7363.8,4139.43,373.27,3193.69,1031.49,-0.4342,0,synthetic_demo
SYN-0137,2021-12-31,manufacturing,woman,114226.43,25254.21,21757.7,78378.32,37043.84,35097.19,25613.18,22022.7,23719.22,1060.92,12344.94,14012.78,0.1455,1,synthetic_demo
SYN-0137,2022-12-31,manufacturing,woman,124444.48,17255.54,6702.26,110423.79,52189.45,42266.13,23855.73,12162.08,29418.91,2267.2,25326.17,25430.92,0.0895,0,synthetic_demo
SYN-0137,2023-12-31,manufacturing,woman,90433.19,14883.99,9516.03,86209.59,40745.13,25701.27,18022.6,9937.05,31306.31,2871.42,15658.07,11200.02,-0.2733,0,synthetic_demo
SYN-0138,2021-12-31,retail,man,72955.38,18450.25,13525.43,72522.33,19470.73,38182.77,9750.16,8775.12,17030.69,1418.95,4105.94,2188.28,-0.0059,0,synthetic_demo
SYN-0138,2022-12-31,retail,man,97203.0,26957.06,18481.42,76099.54,20431.13,36068.92,16079.45,18930.6,16910.33,1539.18,3771.52,23138.54,0.3324,0,synthetic_demo
SYN-0138,2023-12-31,retail,man,75157.95,15501.88,10537.93,32284.22,8667.64,11906.91,4221.53,11820.9,5140.67,322.8,10684.69,16011.78,-0.2268,0,synthetic_demo
SYN-0139,2021-12-31,services,man,39953.77,7103.01,4282.8,40219.2,6064.53,14791.74,4037.91,7080.39,2621.26,159.47,8560.51,4742.81,0.1795,1,synthetic_demo
SYN-0139,2022-12-31,services,man,37277.41,9330.98,6560.35,30570.41,4609.62,8854.02,3670.14,4979.96,1825.33,133.5,2488.38,1753.82,-0.067,0,synthetic_demo
SYN-0139,2023-12-31,services,man,37311.12,6906.23,5880.66,42532.2,6413.3,12059.32,4636.13,7102.49,4071.78,392.27,3238.45,7834.15,0.0009,0,synthetic_demo
SYN-0140,2021-12-31,retail,man,23631.9,3513.94,1781.18,16427.31,3705.22,9161.9,1923.34,763.05,1537.55,119.38,3522.73,5143.14,0.0751,0,synthetic_demo
SYN-0140,2022-12-31,retail,man,21641.52,799.73,-1195.42,19635.7,4428.88,9484.94,3474.26,-2751.1,2630.59,226.62,3757.54,1280.54,-0.0842,0,synthetic_demo
SYN-0140,2023-12-31,retail,man,22538.41,1879.53,48.64,18496.93,4172.02,8456.61,2158.61,1308.45,2043.39,117.96,1178.06,2404.63,0.0414,1,synthetic_demo
SYN-0141,2021-12-31,agriculture,man,246850.31,51921.8,43821.87,105623.1,23819.0,29854.02,13213.58,61838.64,17706.16,808.42,27451.31,51187.59,0.1671,0,synthetic_demo
SYN-0141,2022-12-31,agriculture,man,232967.25,40124.16,24792.35,175604.35,39600.44,95514.18,24588.17,38303.86,14133.17,1335.52,37342.81,7758.27,-0.0562,0,synthetic_demo
SYN-0141,2023-12-31,agriculture,man,168290.78,27404.71,13558.12,162890.44,36733.33,54472.75,11455.15,388.62,28895.74,1844.06,25449.39,7066.54,-0.2776,1,synthetic_demo
SYN-0142,2021-12-31,services,man,58073.58,6284.69,3481.41,51559.36,16783.22,25533.1,8594.91,3368.67,14724.51,685.31,11160.19,4420.38,0.1111,0,synthetic_demo
SYN-0142,2022-12-31,services,man,76129.17,10982.64,5439.4,53797.18,17511.66,20658.46,9063.04,5808.31,9217.68,663.98,15223.16,2126.58,0.3109,0,synthetic_demo
SYN-0142,2023-12-31,services,man,65441.78,1528.77,-2663.22,38852.72,12647.05,21635.25,9396.6,-446.31,6880.57,504.63,3002.21,14156.56,-0.1404,0,synthetic_demo
SYN-0143,2021-12-31,agriculture,woman,142215.15,29039.27,23823.41,168354.24,58305.72,61178.92,31897.86,21786.99,24331.99,2104.91,9117.23,7685.2,-0.0128,0,synthetic_demo
SYN-0143,2022-12-31,agriculture,woman,135637.37,20713.67,13585.97,135246.44,46839.57,58167.59,24578.06,12816.45,38048.58,2684.84,7992.05,15363.76,-0.0463,0,synthetic_demo
SYN-0143,2023-12-31,agriculture,woman,124677.83,18666.47,14691.75,130763.43,45286.99,68210.59,31611.84,9019.51,29367.63,1064.68,18130.03,24231.45,-0.0808,0,synthetic_demo
SYN-0144,2021-12-31,agriculture,woman,196295.79,8598.72,-8812.4,188384.82,30142.68,54328.94,20759.15,-1352.04,10828.89,454.01,35875.96,42152.07,-0.2038,0,synthetic_demo
SYN-0144,2022-12-31,agriculture,woman,288348.8,16798.93,-14.14,273571.69,43773.08,119593.32,31343.02,11447.96,22958.4,1568.34,28683.08,42749.87,0.469,0,synthetic_demo
SYN-0144,2023-12-31,agriculture,woman,146593.65,2222.1,-5384.66,124222.46,19876.32,58280.54,9745.99,5722.55,10836.6,435.33,22903.89,19217.53,-0.4916,0,synthetic_demo
SYN-0145,2021-12-31,manufacturing,man,48475.66,4489.39,2741.01,41364.66,28067.25,10590.03,16218.83,1959.95,21751.59,1988.95,6118.51,5017.72,0.3383,0,synthetic_demo
SYN-0145,2022-12-31,manufacturing,man,45257.06,6266.39,4799.72,46827.34,31773.85,13782.08,14903.3,4839.74,14055.64,721.65,6893.75,2797.81,-0.0664,1,synthetic_demo
SYN-0145,2023-12-31,manufacturing,man,54380.02,4150.34,-487.57,24256.42,16458.76,9783.38,5060.87,-4917.91,10959.96,1077.35,6872.3,8485.92,0.2016,1,synthetic_demo
SYN-0146,2021-12-31,manufacturing,woman,42066.83,5224.2,3519.74,41385.61,9400.14,17402.12,3194.95,2766.71,5044.01,263.07,8892.83,10055.3,-0.0934,0,synthetic_demo
SYN-0146,2022-12-31,manufacturing,woman,33464.17,3103.44,1757.51,20146.43,4575.97,5359.12,1629.84,2418.56,2427.29,102.54,3181.77,4559.79,-0.2045,0,synthetic_demo
SYN-0146,2023-12-31,manufacturing,woman,37270.64,3028.85,1506.33,35450.1,8051.98,12590.51,3825.26,1504.63,5330.34,198.37,3567.72,6303.65,0.1137,1,synthetic_demo
SYN-0147,2021-12-31,services,man,162948.5,12750.37,7949.48,145793.07,55770.41,62536.18,25703.99,-2293.34,38788.66,1866.73,9438.23,36464.99,-0.1039,1,synthetic_demo
SYN-0147,2022-12-31,services,man,191028.77,22803.65,8061.03,183905.55,70349.63,68240.14,49846.33,16726.52,36894.4,4387.63,19773.5,35218.08,0.1723,0,synthetic_demo
SYN-0147,2023-12-31,services,man,158836.38,15289.1,6647.01,101437.12,38802.88,48737.5,26987.42,5617.95,26270.04,1664.92,10526.36,12280.25,-0.1685,0,synthetic_demo
SYN-0148,2021-12-31,agriculture,man,50796.34,3533.42,506.71,43659.77,12197.47,12588.43,7978.48,1691.2,4724.29,404.92,5373.56,9664.36,-0.0254,0,synthetic_demo
SYN-0148,2022-12-31,agriculture,man,55317.02,592.78,-2638.03,64959.67,18148.14,28113.48,11949.89,-3548.93,7541.57,616.55,5668.79,12170.15,0.089,0,synthetic_demo
SYN-0148,2023-12-31,agriculture,man,45634.11,261.87,-2691.34,39271.66,10971.54,9789.59,6569.97,-1901.91,7085.59,465.76,3697.3,10462.46,-0.175,0,synthetic_demo
SYN-0149,2021-12-31,services,man,62748.88,13319.69,11511.39,63867.73,15958.01,27570.37,9556.82,11636.17,8366.31,333.9,3681.43,4811.81,0.1669,0,synthetic_demo
SYN-0149,2022-12-31,services,man,59878.21,15467.95,10192.07,43428.5,10851.06,20707.57,7287.31,6477.5,8953.45,715.64,11956.49,7184.28,-0.0457,0,synthetic_demo
SYN-0149,2023-12-31,services,man,72472.15,14163.83,7443.59,85640.6,21398.19,40016.42,9023.45,7249.0,7554.11,281.91,2897.66,10272.36,0.2103,0,synthetic_demo
SYN-0150,2021-12-31,manufacturing,woman,7342.59,1463.2,1194.26,3089.36,1354.94,815.49,490.41,1190.67,644.84,28.2,1260.2,1579.72,0.2704,0,synthetic_demo
SYN-0150,2022-12-31,manufacturing,woman,7385.03,1758.49,1423.07,8645.13,3791.62,2682.73,2104.37,1020.19,2123.52,114.25,762.81,845.3,0.0058,1,synthetic_demo
SYN-0150,2023-12-31,manufacturing,woman,6488.89,1443.28,1252.97,4783.46,2097.95,884.63,916.12,1242.36,931.06,96.71,1091.05,1482.22,-0.1213,0,synthetic_demo
SYN-0151,2021-12-31,services,woman,134557.71,11506.76,241.24,160783.44,42326.33,90417.46,29819.88,4840.3,17504.83,922.41,20456.5,25092.99,-0.0241,0,synthetic_demo
SYN-0151,2022-12-31,services,woman,151461.76,21190.46,14610.32,131400.5,34591.26,64072.68,22071.82,5720.96,28030.08,1780.25,11883.95,3370.63,0.1256,0,synthetic_demo
SYN-0151,2023-12-31,services,woman,133204.55,9056.8,4352.89,60597.44,15952.31,24679.87,7477.49,5490.81,11210.96,949.27,21397.44,18235.27,-0.1205,0,synthetic_demo
SYN-0152,2021-12-31,retail,woman,63991.51,10481.65,5068.73,41393.07,23818.26,12701.51,12609.92,7807.72,21407.06,1569.05,10119.21,3116.57,0.0718,0,synthetic_demo
SYN-0152,2022-12-31,retail,woman,63981.45,7187.14,2159.3,62373.81,35890.93,21756.47,23560.26,6317.81,15645.7,1680.66,10808.7,6055.51,-0.0002,0,synthetic_demo
SYN-0152,2023-12-31,retail,woman,79625.81,7491.1,730.34,95505.01,54955.18,48085.55,36937.4,6497.91,36721.26,1887.92,5224.25,11864.04,0.2445,0,synthetic_demo
SYN-0153,2021-12-31,services,man,94884.63,3954.31,-798.25,77134.13,56688.31,36575.32,35415.59,-473.35,36843.72,1651.2,20401.73,21151.05,-0.1327,1,synthetic_demo
SYN-0153,2022-12-31,services,man,89683.28,4515.97,1250.87,42374.38,31142.27,12044.31,14402.21,-367.64,17798.97,1419.71,7632.92,12721.55,-0.0548,1,synthetic_demo
SYN-0153,2023-12-31,services,man,102975.38,1234.07,-1380.97,99859.51,73389.9,32925.71,34636.67,5530.79,53641.01,4642.79,11268.68,14378.36,0.1482,1,synthetic_demo
SYN-0154,2021-12-31,agriculture,man,66781.89,16864.25,14268.44,65323.42,30010.41,16870.42,12212.02,12990.38,15045.42,700.04,10482.61,2879.45,-0.1327,1,synthetic_demo
SYN-0154,2022-12-31,agriculture,man,74549.1,25288.73,19344.47,44223.27,20316.73,14573.39,12249.46,24361.59,9309.6,821.18,9257.59,15374.18,0.1163,0,synthetic_demo
SYN-0154,2023-12-31,agriculture,man,66387.04,18947.55,14495.2,79001.49,36294.29,20444.15,25165.66,13402.09,30251.41,2380.33,12804.8,10249.63,-0.1095,0,synthetic_demo
SYN-0155,2021-12-31,services,man,56318.44,4423.38,536.07,24637.98,17722.28,4972.82,8155.61,-2115.3,11684.94,764.34,10931.66,12504.91,0.1601,1,synthetic_demo
SYN-0155,2022-12-31,services,man,59020.74,2455.41,625.12,55023.18,39578.58,26186.08,26095.32,130.12,27178.11,1257.85,12247.32,13042.37,0.048,0,synthetic_demo
SYN-0155,2023-12-31,services,man,59465.74,4383.19,-1199.02,37364.18,26876.33,8884.48,16746.36,-2162.73,21659.96,903.98,12068.7,9602.38,0.0075,1,synthetic_demo
SYN-0156,2021-12-31,agriculture,man,91175.82,11449.23,7182.46,65803.58,28618.24,22439.21,17428.64,4893.15,14424.23,1570.74,19566.7,11022.1,-0.0752,0,synthetic_demo
SYN-0156,2022-12-31,agriculture,man,89233.14,9491.52,5531.75,88336.59,38417.93,50106.15,19761.38,7986.64,20826.29,1103.4,17743.4,8874.96,-0.0213,0,synthetic_demo
SYN-0156,2023-12-31,agriculture,man,100561.86,11866.24,3172.18,52601.04,22876.4,20973.44,10123.41,6673.36,19354.68,1194.12,13506.79,9529.16,0.127,0,synthetic_demo
SYN-0157,2021-12-31,retail,woman,73457.72,10157.29,5857.48,71442.61,10310.86,20750.64,6474.72,6691.36,4409.88,490.62,13760.39,4446.08,0.2257,1,synthetic_demo
SYN-0157,2022-12-31,retail,woman,54776.49,5099.83,1627.79,35747.59,5159.23,14102.22,3670.25,1164.03,4190.26,174.87,11617.3,6226.8,-0.2543,0,synthetic_demo
SYN-0157,2023-12-31,retail,woman,74293.46,7641.98,5605.44,38102.72,5499.13,15232.09,2003.16,1833.59,4313.01,246.57,2795.62,5017.77,0.3563,0,synthetic_demo
SYN-0158,2021-12-31,services,woman,23842.06,2247.77,691.06,19597.8,7395.1,3634.83,5765.96,-314.4,4793.1,253.91,4208.66,4343.98,0.0412,1,synthetic_demo
SYN-0158,2022-12-31,services,woman,21043.76,2842.3,2024.82,23243.99,8770.96,5081.36,3094.49,2422.74,5296.04,408.82,3651.49,1285.35,-0.1174,0,synthetic_demo
SYN-0158,2023-12-31,services,woman,26599.86,1570.6,97.22,24614.27,9288.03,5751.92,2831.28,2101.42,6905.85,451.7,2032.03,5894.43,0.264,0,synthetic_demo
SYN-0159,2021-12-31,agriculture,woman,170098.66,43099.67,32435.51,113124.11,25078.2,47655.98,19508.57,24652.79,14548.22,1507.12,9525.36,27843.01,0.0798,0,synthetic_demo
SYN-0159,2022-12-31,agriculture,woman,187662.24,38419.92,25871.77,79327.81,17585.98,19996.77,12145.8,20752.64,8213.28,855.72,18839.95,22780.04,0.1033,0,synthetic_demo
SYN-0159,2023-12-31,agriculture,woman,179545.7,41491.78,27340.48,202617.86,44917.84,110741.71,25830.61,22502.23,28145.15,2876.02,15063.79,4363.14,-0.0433,1,synthetic_demo
SYN-0160,2021-12-31,manufacturing,man,87069.81,2062.98,-1260.98,81512.35,63578.39,31024.93,42355.78,-4932.31,23093.44,1853.6,14895.87,20215.85,-0.0114,0,synthetic_demo
SYN-0160,2022-12-31,manufacturing,man,113768.87,989.74,-8786.1,53050.77,41378.8,24750.03,23016.55,-10655.25,30374.64,1999.46,4396.42,3756.14,0.3066,1,synthetic_demo
SYN-0160,2023-12-31,manufacturing,man,65877.93,-4941.37,-7099.76,67775.24,52863.66,22581.05,20415.0,-3285.14,40927.48,2793.66,2860.77,6152.98,-0.4209,1,synthetic_demo
SYN-0161,2021-12-31,manufacturing,woman,68401.92,-5045.53,-7293.62,58115.26,11931.97,22826.48,3905.55,-7419.57,6180.05,680.78,10888.69,5857.43,-0.1095,1,synthetic_demo
SYN-0161,2022-12-31,manufacturing,woman,76718.86,-3357.83,-5921.92,83340.3,17111.06,45471.69,7641.41,-10570.61,14396.5,865.81,15229.87,2152.71,0.1216,0,synthetic_demo
SYN-0161,2023-12-31,manufacturing,woman,64292.09,-5759.44,-11429.42,30796.84,6323.07,5650.78,4998.97,-13585.19,3462.53,126.53,6614.97,4942.67,-0.162,0,synthetic_demo
SYN-0162,2021-12-31,manufacturing,man,99788.21,17941.42,9244.18,112408.22,54624.03,56707.06,33216.83,12880.5,43789.66,4151.92,10959.02,15167.78,0.2261,0,synthetic_demo
SYN-0162,2022-12-31,manufacturing,man,90256.31,15757.31,7836.47,107296.33,52139.94,22110.96,24053.19,8675.95,40577.09,3980.2,14311.56,10050.77,-0.0955,0,synthetic_demo
SYN-0162,2023-12-31,manufacturing,man,134536.01,32496.64,27833.04,145131.22,70525.56,69192.13,24912.8,23321.53,37092.0,1472.34,28296.18,29384.96,0.4906,1,synthetic_demo
SYN-0163,2021-12-31,manufacturing,man,34734.41,4182.63,1089.58,40305.84,23510.22,13267.7,7416.56,3386.59,15632.93,1483.66,5676.78,2634.75,0.1872,1,synthetic_demo
SYN-0163,2022-12-31,manufacturing,man,33464.03,2755.4,134.39,19861.15,11584.92,3897.62,4716.54,1322.3,7420.46,749.42,2052.74,4726.05,-0.0366,0,synthetic_demo
SYN-0163,2023-12-31,manufacturing,man,44078.23,3563.92,883.12,34014.34,19840.41,11127.56,12226.74,-5099.93,15364.1,764.81,9170.01,4775.68,0.3172,0,synthetic_demo
SYN-0164,2021-12-31,services,man,57267.72,9614.96,6683.81,25115.78,18987.88,9516.73,12087.87,5254.09,15359.72,579.0,6494.22,6290.17,-0.2152,1,synthetic_demo
SYN-0164,2022-12-31,services,man,44000.49,3472.58,670.71,22302.99,16861.37,5442.33,9511.84,407.1,11258.42,803.08,5687.19,2631.65,-0.2317,1,synthetic_demo
SYN-0164,2023-12-31,services,man,26950.74,3004.42,1312.07,20274.34,15327.68,5868.92,4945.36,3396.53,7352.29,737.98,3126.05,1701.84,-0.3875,0,synthetic_demo
SYN-0165,2021-12-31,agriculture,man,98753.87,13495.52,5335.18,91925.0,63002.27,28842.0,26490.11,4333.2,37233.65,3640.36,11501.44,3970.97,-0.1443,0,synthetic_demo
SYN-0165,2022-12-31,agriculture,man,106623.59,19853.76,15039.91,110215.46,75537.93,43709.25,47007.86,12115.21,50650.45,5461.74,9002.78,23310.05,0.0797,0,synthetic_demo
SYN-0165,2023-12-31,agriculture,man,83984.76,18007.33,14410.28,58061.7,39793.52,18613.25,30682.15,13682.06,26303.1,2339.93,2999.5,15122.51,-0.2123,1,synthetic_demo
SYN-0166,2021-12-31,agriculture,woman,174802.19,31561.04,23585.53,192533.95,29739.15,89080.01,20272.06,23232.9,13705.46,739.47,18372.06,40611.72,-0.0345,0,synthetic_demo
SYN-0166,2022-12-31,agriculture,woman,187045.59,28835.14,14531.15,151589.79,23414.84,52294.23,14456.79,30084.26,10472.68,1146.34,19680.37,14898.2,0.07,1,synthetic_demo
SYN-0166,2023-12-31,agriculture,woman,123949.0,22991.32,19627.0,118390.02,18286.74,37384.03,14127.24,18701.61,14255.77,1212.41,20421.87,9314.8,-0.3373,0,synthetic_demo
SYN-0167,2021-12-31,manufacturing,man,20015.35,1923.47,1217.71,12357.28,6860.22,3246.76,4768.8,898.8,6128.43,311.24,4281.76,3420.97,-0.2148,1,synthetic_demo
SYN-0167,2022-12-31,manufacturing,man,19886.83,3140.9,2269.5,19501.69,10826.49,6062.73,7991.18,2836.16,8203.76,705.43,1089.96,1608.17,-0.0064,0,synthetic_demo
SYN-0167,2023-12-31,manufacturing,man,20155.82,2648.15,1026.72,21667.78,12029.01,8090.29,5180.03,1866.71,8055.61,447.81,3843.59,3689.77,0.0135,0,synthetic_demo
SYN-0168,2021-12-31,services,man,44164.43,5224.48,2444.94,19700.61,8864.72,5605.3,3029.53,-574.72,3313.92,298.58,7896.01,10313.0,-0.0016,0,synthetic_demo
SYN-0168,2022-12-31,services,man,45707.22,3842.03,440.08,21329.04,9597.47,6381.94,3931.82,1784.22,5257.9,423.35,9301.11,1951.27,0.0349,1,synthetic_demo
SYN-0168,2023-12-31,services,man,45100.39,8663.18,4551.76,52657.93,23694.59,17039.53,14496.7,3129.49,12268.72,1425.08,3143.69,7041.89,-0.0133,0,synthetic_demo
SYN-0169,2021-12-31,retail,woman,57252.24,-394.74,-4437.51,63560.36,48937.7,35079.38,25158.07,-4769.07,18499.74,1926.97,8103.77,11795.1,0.0964,1,synthetic_demo
SYN-0169,2022-12-31,retail,woman,73716.84,-358.3,-5415.29,47983.91,36944.76,9980.72,14235.64,-6167.8,24254.78,1291.6,5701.01,4958.21,0.2876,1,synthetic_demo
SYN-0169,2023-12-31,retail,woman,55588.96,-4046.23,-7985.83,63789.31,49113.98,18804.17,36941.72,-12829.22,28369.89,3131.25,2547.64,11356.24,-0.2459,1,synthetic_demo
SYN-0170,2021-12-31,services,man,233593.63,25148.35,18608.17,246446.49,46620.75,128000.03,16020.88,17928.06,29401.75,1403.99,30861.36,5396.93,0.0172,0,synthetic_demo
SYN-0170,2022-12-31,services,man,185783.91,35483.82,18187.61,142372.53,26932.88,76663.83,20562.43,16844.78,15327.27,799.61,38980.53,42427.68,-0.2047,0,synthetic_demo
SYN-0170,2023-12-31,services,man,181176.58,17177.93,573.99,124016.01,23460.34,46091.05,9762.39,-9703.56,9957.25,1108.31,15661.05,4658.97,-0.0248,0,synthetic_demo
SYN-0171,2021-12-31,manufacturing,man,38240.38,226.89,-2629.32,26841.27,17664.94,7418.31,12046.79,-4457.01,6204.67,547.09,2719.97,2982.68,-0.3325,0,synthetic_demo
SYN-0171,2022-12-31,manufacturing,man,40008.25,4474.33,2452.38,39569.46,26041.7,16488.4,15509.75,2945.66,22894.92,1422.76,1408.37,8423.38,0.0462,1,synthetic_demo
SYN-0171,2023-12-31,manufacturing,man,31096.4,2268.19,1035.15,23020.18,15150.19,8358.93,11598.62,3999.24,12304.16,1453.49,4250.21,5357.3,-0.2228,1,synthetic_demo
SYN-0172,2021-12-31,manufacturing,man,71770.24,4731.95,-1781.59,66324.79,38734.78,26373.63,26260.97,-2411.53,18521.87,848.99,7994.81,3418.74,-0.1081,0,synthetic_demo
SYN-0172,2022-12-31,manufacturing,man,72109.92,5415.24,-1326.45,85671.01,50033.3,15723.16,21077.21,-6116.57,30959.5,1637.51,10731.68,2662.29,0.0047,0,synthetic_demo
SYN-0172,2023-12-31,manufacturing,man,69597.12,6349.85,3321.1,54349.47,31741.0,17155.74,10555.43,9706.28,12890.77,500.05,13495.52,2577.85,-0.0348,0,synthetic_demo
SYN-0173,2021-12-31,services,woman,34197.06,7439.97,5876.68,21296.86,5353.45,8951.99,3217.95,6058.01,4346.69,501.86,5801.01,1638.4,-0.1217,0,synthetic_demo
SYN-0173,2022-12-31,services,woman,32317.62,5677.8,2733.77,23058.39,5796.25,10703.7,2305.1,352.19,3873.69,273.66,5307.37,4974.74,-0.055,0,synthetic_demo
SYN-0173,2023-12-31,services,woman,36422.58,7200.87,4327.66,22638.77,5690.77,9090.09,1832.97,1958.8,3304.47,195.03,3021.95,2999.16,0.127,0,synthetic_demo
SYN-0174,2021-12-31,manufacturing,woman,24784.06,7179.43,6187.28,27530.31,7949.92,15677.23,5848.57,7778.84,5510.51,354.36,2662.56,3510.88,-0.1917,1,synthetic_demo
SYN-0174,2022-12-31,manufacturing,woman,30181.71,8627.01,6414.67,35655.8,10296.32,12021.13,8055.21,7452.45,4749.98,384.13,1477.98,6535.62,0.2178,0,synthetic_demo
SYN-0174,2023-12-31,manufacturing,woman,19930.72,5520.24,3726.43,20113.11,5808.06,3893.41,2901.4,6109.28,3660.6,322.27,3653.5,3329.66,-0.3396,0,synthetic_demo
SYN-0175,2021-12-31,agriculture,man,29946.43,4568.31,3042.74,35489.64,25431.47,14807.82,11447.35,3588.34,12525.78,795.12,4579.38,6929.78,0.1857,0,synthetic_demo
SYN-0175,2022-12-31,agriculture,man,32469.67,6679.33,4022.09,15230.81,10914.23,6238.43,5535.77,2662.79,8933.99,907.76,3106.48,7227.55,0.0843,1,synthetic_demo
SYN-0175,2023-12-31,agriculture,man,28747.51,4489.79,2547.89,26773.5,19185.58,7055.56,14618.21,2905.84,9151.01,406.02,5927.67,3863.98,-0.1146,0,synthetic_demo
SYN-0176,2021-12-31,retail,man,16805.27,1615.17,335.67,12187.01,9167.82,4117.54,3384.72,1291.17,3472.46,324.55,1211.52,3171.26,0.1681,0,synthetic_demo
SYN-0176,2022-12-31,retail,man,14587.91,1848.32,529.75,15542.79,11692.25,6937.79,9146.51,1434.93,10134.95,984.64,1453.27,1856.37,-0.1319,1,synthetic_demo
SYN-0176,2023-12-31,retail,man,23268.38,1675.87,324.56,17440.51,13119.83,9597.14,6044.57,-927.62,9986.07,683.39,2984.72,1006.49,0.595,1,synthetic_demo
SYN-0177,2021-12-31,retail,woman,108796.52,12835.39,10097.14,104091.77,36492.11,46784.9,16014.86,18802.02,21102.78,2002.81,11720.21,7421.91,0.1594,0,synthetic_demo
SYN-0177,2022-12-31,retail,woman,88270.92,9772.31,7373.43,62599.58,21945.93,33671.19,10053.01,4068.0,19393.29,1016.23,12026.17,19607.07,-0.1887,0,synthetic_demo
SYN-0177,2023-12-31,retail,woman,72555.98,6498.08,1132.14,34059.74,11940.54,17941.77,4860.92,5443.61,10343.29,1066.55,8924.07,4512.24,-0.178,0,synthetic_demo
SYN-0178,2021-12-31,retail,man,28711.83,2764.76,1020.63,24746.39,6443.59,7966.3,4613.56,970.27,4636.24,217.78,1127.93,894.8,0.1129,0,synthetic_demo
SYN-0178,2022-12-31,retail,man,25242.95,1906.94,991.94,26277.19,6842.19,5944.12,5116.39,766.6,4933.68,550.53,3146.64,2575.69,-0.1208,0,synthetic_demo
SYN-0178,2023-12-31,retail,man,49003.74,1681.8,-933.47,25055.53,6524.09,10009.71,2629.08,-1158.94,3797.43,318.98,8271.08,9997.2,0.9413,0,synthetic_demo
SYN-0179,2021-12-31,agriculture,woman,65975.53,19192.19,15534.06,57697.59,28490.68,23446.84,18078.43,20601.55,16700.09,1580.15,3052.0,9158.57,0.0794,0,synthetic_demo
SYN-0179,2022-12-31,agriculture,woman,57592.0,14574.68,9807.69,31800.78,15703.01,16336.68,12031.76,8895.53,10576.66,1010.8,11393.35,9780.49,-0.1271,0,synthetic_demo
SYN-0179,2023-12-31,agriculture,woman,61162.56,19196.46,17266.96,65175.9,32183.42,34069.33,15028.27,18712.1,27958.68,2981.54,9561.28,14230.86,0.062,0,synthetic_demo
SYN-0180,2021-12-31,services,man,149594.9,13271.0,-286.38,151868.23,41677.91,52878.08,29145.6,2479.14,32559.15,3254.34,13753.98,13572.52,0.0386,0,synthetic_demo
SYN-0180,2022-12-31,services,man,172530.86,12000.38,5839.93,87322.02,23964.19,48617.5,8278.85,642.34,18829.61,975.71,8558.19,39592.79,0.1533,0,synthetic_demo
SYN-0180,2023-12-31,services,man,154152.51,7779.25,-279.92,143908.99,39493.62,63506.79,21794.1,-32.76,32148.87,2552.96,15685.62,18280.34,-0.1065,0,synthetic_demo
SYN-0181,2021-12-31,services,woman,131984.4,21452.19,11004.9,57411.78,17613.52,29324.9,10133.51,8784.78,7852.77,903.59,6168.1,25846.72,0.1048,0,synthetic_demo
SYN-0181,2022-12-31,services,woman,124649.63,22317.8,14344.42,111186.06,34111.08,27108.23,25827.67,13935.75,21821.24,797.66,22295.09,6933.76,-0.0556,0,synthetic_demo
SYN-0181,2023-12-31,services,woman,104973.07,18740.63,12437.59,121572.05,37297.42,35890.15,21050.94,6323.69,30699.27,2102.67,14592.53,23547.08,-0.1579,1,synthetic_demo
SYN-0182,2021-12-31,services,man,101669.49,11003.51,8191.19,97805.08,51597.0,27961.11,32043.12,4645.49,39309.0,4490.81,17462.6,7192.91,0.1156,1,synthetic_demo
SYN-0182,2022-12-31,services,man,136926.52,23005.69,14748.84,58306.29,30759.44,33215.44,14486.21,7199.63,16080.24,1316.04,23628.65,22669.54,0.3468,0,synthetic_demo
SYN-0182,2023-12-31,services,man,101449.35,10573.91,1826.9,54129.94,28556.21,25701.37,12849.82,9641.24,20638.16,1150.08,19824.51,7542.19,-0.2591,0,synthetic_demo
SYN-0183,2021-12-31,agriculture,man,39383.73,3277.95,1576.54,28835.23,12123.94,11240.84,3774.04,4029.29,10583.55,511.5,5633.94,3920.71,0.0559,0,synthetic_demo
SYN-0183,2022-12-31,agriculture,man,45687.22,1501.25,219.88,34794.21,14629.42,15134.13,8225.85,3438.99,9032.17,666.6,2249.76,8681.59,0.1601,0,synthetic_demo
SYN-0183,2023-12-31,agriculture,man,33160.75,3554.51,1753.04,15236.16,6406.13,8763.19,4042.88,3482.69,3295.48,324.09,2757.44,1847.76,-0.2742,1,synthetic_demo
SYN-0184,2021-12-31,agriculture,woman,135015.67,15233.8,8615.91,155288.98,25789.16,40134.75,16499.18,11187.78,17551.52,1065.36,27345.16,14912.57,0.1276,0,synthetic_demo
SYN-0184,2022-12-31,agriculture,woman,131035.74,17542.09,9339.86,66054.43,10969.79,18767.83,5443.12,8319.91,6727.9,398.22,28576.04,4275.41,-0.0295,0,synthetic_demo
SYN-0184,2023-12-31,agriculture,woman,158281.67,15733.94,922.4,123303.02,20477.18,38091.86,15857.25,6108.2,14429.76,926.75,11629.72,9670.01,0.2079,0,synthetic_demo
SYN-0185,2021-12-31,services,woman,32288.48,4403.16,3444.54,25067.63,7517.44,10497.93,5597.68,4324.95,5479.07,650.73,2218.95,1550.28,0.1216,0,synthetic_demo
SYN-0185,2022-12-31,services,woman,33812.84,6002.87,4574.74,17782.21,5332.64,8726.63,3907.54,4619.97,3650.31,370.11,2788.26,913.77,0.0472,0,synthetic_demo
SYN-0185,2023-12-31,services,woman,37496.56,6391.94,5020.64,38930.66,11674.77,9339.03,5595.17,6179.42,7230.63,422.89,5124.25,2482.33,0.1089,0,synthetic_demo
SYN-0186,2021-12-31,services,woman,203988.13,41657.44,35756.38,199546.48,40885.95,38053.34,16252.84,32810.2,14398.76,552.46,37429.68,26202.61,-0.1633,0,synthetic_demo
SYN-0186,2022-12-31,services,woman,222800.53,45615.44,31763.84,156002.14,31963.96,50746.76,13158.82,31230.6,13400.1,1016.24,39255.16,17887.45,0.0922,0,synthetic_demo
SYN-0186,2023-12-31,services,woman,268990.53,56233.1,41948.68,251463.12,51523.37,118134.74,30072.61,52308.14,22855.21,2464.03,48167.48,37654.22,0.2073,0,synthetic_demo
SYN-0187,2021-12-31,manufacturing,woman,41705.94,3965.96,980.38,23795.99,15876.07,5250.49,6905.45,737.25,10756.78,761.84,7616.18,9867.32,0.262,0,synthetic_demo
SYN-0187,2022-12-31,manufacturing,woman,37896.98,1780.57,-1284.0,38159.46,25459.01,9610.35,13345.13,-4639.54,18373.0,1013.7,5504.65,2067.75,-0.0913,0,synthetic_demo
SYN-0187,2023-12-31,manufacturing,woman,46222.74,6021.06,2098.84,43182.5,28810.25,21916.57,21396.95,3346.14,15287.74,1502.31,6402.12,6950.89,0.2197,0,synthetic_demo
SYN-0188,2021-12-31,agriculture,woman,41162.87,5856.47,2455.95,18047.51,7035.63,9814.01,5207.87,413.28,5513.74,467.81,8770.93,9415.83,0.0279,0,synthetic_demo
SYN-0188,2022-12-31,agriculture,woman,48257.8,5248.71,1070.48,34729.6,13538.96,15142.83,9056.24,1109.15,7717.62,743.31,10231.87,2861.61,0.1724,0,synthetic_demo
SYN-0188,2023-12-31,agriculture,woman,30057.81,3107.38,1989.44,21770.44,8486.97,9562.59,5648.92,3406.77,3351.38,168.3,1816.04,1575.63,-0.3771,0,synthetic_demo
SYN-0189,2021-12-31,retail,man,76209.16,6169.1,-441.84,40056.26,26203.68,15976.09,10274.93,4598.55,17782.15,1005.11,5584.1,5110.8,-0.0509,0,synthetic_demo
SYN-0189,2022-12-31,retail,man,65676.05,5256.8,1088.88,32211.39,21071.79,10997.23,13152.51,-6612.32,12082.94,1217.84,2573.96,5710.12,-0.1382,0,synthetic_demo
SYN-0189,2023-12-31,retail,man,105078.17,9851.53,6873.14,96122.41,62880.59,36515.05,23673.33,474.18,22861.59,2309.9,4378.73,20215.95,0.5999,0,synthetic_demo
SYN-0190,2021-12-31,services,woman,75182.07,22711.28,19574.34,84440.51,32068.23,26834.44,24815.09,18454.42,25049.82,2608.93,8791.34,5384.36,-0.0235,0,synthetic_demo
SYN-0190,2022-12-31,services,woman,78248.64,24177.8,18127.95,48973.95,18598.98,13114.37,13647.25,16114.81,11985.95,1180.79,2839.98,7495.25,0.0408,0,synthetic_demo
SYN-0190,2023-12-31,services,woman,67095.67,25177.23,18983.78,46528.69,17670.34,13609.71,6549.96,21104.24,12118.03,1411.42,5052.24,1604.8,-0.1425,0,synthetic_demo
SYN-0191,2021-12-31,manufacturing,man,112453.19,17497.71,12091.46,86581.14,14329.94,25805.54,7889.69,5504.86,6259.92,471.7,11678.02,18902.98,-0.0076,0,synthetic_demo
SYN-0191,2022-12-31,manufacturing,man,99761.69,5945.46,-78.52,96863.83,16031.82,31719.23,6151.49,5374.53,10525.89,1185.2,13353.51,21001.04,-0.1129,0,synthetic_demo
SYN-0191,2023-12-31,manufacturing,man,146188.12,25625.65,16521.86,65007.98,10759.39,30342.31,6590.72,22834.2,9203.31,821.75,27471.27,22120.53,0.4654,0,synthetic_demo
SYN-0192,2021-12-31,manufacturing,man,117729.2,-8061.62,-16297.89,135158.7,19064.43,49418.87,14993.93,-24594.88,15439.63,863.3,14770.11,3124.27,0.082,1,synthetic_demo
SYN-0192,2022-12-31,manufacturing,man,149783.33,8768.93,1886.97,66675.0,9404.65,30247.83,7005.2,9525.78,5612.77,599.37,23271.46,15910.53,0.2723,0,synthetic_demo
SYN-0192,2023-12-31,manufacturing,man,123681.49,8717.19,-1534.61,98783.31,13933.6,38486.33,9481.33,-2493.86,10416.15,434.63,12027.59,27441.83,-0.1743,0,synthetic_demo
SYN-0193,2021-12-31,agriculture,man,58811.95,13085.94,11345.88,31091.64,9658.4,13149.69,4382.93,11698.8,5318.49,370.9,12854.52,6260.95,0.1159,1,synthetic_demo
SYN-0193,2022-12-31,agriculture,man,55400.76,11998.43,7375.86,63379.62,19688.43,36631.46,6234.16,10451.74,13783.85,1556.47,6839.85,10709.32,-0.058,1,synthetic_demo
SYN-0193,2023-12-31,agriculture,man,40178.12,8650.66,5742.52,27751.58,8620.83,8566.22,5448.18,9444.27,4042.58,184.97,7490.24,6886.23,-0.2748,1,synthetic_demo
SYN-0194,2021-12-31,agriculture,woman,45826.98,12342.56,10775.0,38072.01,13630.07,16936.91,7779.43,8680.68,7952.79,428.77,6690.34,5570.61,0.0092,0,synthetic_demo
SYN-0194,2022-12-31,agriculture,woman,52634.41,12300.34,10242.0,41827.96,14974.73,19747.65,9951.24,12350.11,11143.5,1158.36,5557.3,12449.94,0.1485,0,synthetic_demo
SYN-0194,2023-12-31,agriculture,woman,27822.41,7224.16,5342.14,15055.11,5389.84,6435.17,3910.93,6319.22,3569.24,389.53,2768.8,5819.88,-0.4714,0,synthetic_demo
SYN-0195,2021-12-31,manufacturing,man,67911.81,13770.74,10572.31,29892.92,9146.95,11311.38,5603.66,9671.9,6700.08,482.48,14236.77,4761.62,-0.1173,0,synthetic_demo
SYN-0195,2022-12-31,manufacturing,man,69960.9,14887.48,10581.57,49451.68,15131.75,15737.15,7188.53,14115.23,6235.22,467.34,14283.84,8503.24,0.0302,1,synthetic_demo
SYN-0195,2023-12-31,manufacturing,man,55727.15,11193.77,7412.49,52904.21,16188.19,19918.0,8072.0,2228.99,10814.84,657.16,3715.28,9415.76,-0.2035,1,synthetic_demo
SYN-0196,2021-12-31,manufacturing,man,93847.2,12681.15,5433.95,68763.96,53524.39,33106.64,42419.31,12384.04,47695.69,4727.06,14727.63,11458.23,-0.0186,1,synthetic_demo
SYN-0196,2022-12-31,manufacturing,man,102468.58,4651.94,924.46,88226.28,68673.44,26242.31,37737.02,-4134.2,33300.17,2430.59,10264.45,2707.55,0.0919,0,synthetic_demo
SYN-0196,2023-12-31,manufacturing,man,101369.63,4784.36,2204.97,117332.32,91328.95,27449.95,32385.01,-3022.37,51093.56,6050.43,22166.63,19516.02,-0.0107,1,synthetic_demo
SYN-0197,2021-12-31,retail,man,11523.95,348.93,-420.89,11866.29,4036.78,2448.83,2810.95,-324.8,2279.46,102.25,1053.84,1144.84,-0.0232,0,synthetic_demo
SYN-0197,2022-12-31,retail,man,10922.21,-149.47,-782.51,4834.06,1644.49,1593.31,981.6,-406.86,804.39,70.82,2056.59,799.18,-0.0522,0,synthetic_demo
SYN-0197,2023-12-31,retail,man,9610.18,158.92,-743.83,8078.59,2748.25,2720.71,1415.19,-562.5,2322.28,220.56,1847.88,511.02,-0.1201,0,synthetic_demo
SYN-0198,2021-12-31,retail,man,109293.84,22066.85,12251.12,49740.09,35759.07,9876.46,16333.13,19691.84,29351.69,3502.0,13457.83,6452.11,0.0095,1,synthetic_demo
SYN-0198,2022-12-31,retail,man,119133.73,17352.39,13686.42,57426.5,41284.98,30233.71,26905.54,12233.56,23651.44,1616.49,6403.96,26863.35,0.09,0,synthetic_demo
SYN-0198,2023-12-31,retail,man,82937.59,8721.06,1259.66,71706.86,51551.39,26256.12,37215.08,-3841.84,18422.13,1650.75,6383.07,11880.55,-0.3038,1,synthetic_demo
SYN-0199,2021-12-31,manufacturing,man,225271.1,42632.1,28640.57,144245.17,106916.47,65094.45,57189.98,25567.03,45397.05,1818.29,10025.77,34299.07,-0.0826,0,synthetic_demo
SYN-0199,2022-12-31,manufacturing,man,226082.57,30425.47,19835.04,241016.48,178644.66,96238.63,105271.76,14168.05,103864.5,3672.57,42884.07,14480.82,0.0036,0,synthetic_demo
SYN-0199,2023-12-31,manufacturing,man,164158.21,29013.8,16557.15,71858.34,53262.37,27507.34,25220.25,20403.94,41394.54,2541.62,35599.71,26711.15,-0.2739,1,synthetic_demo
SYN-0200,2021-12-31,services,man,112704.26,6154.43,-2163.53,114590.82,47555.51,61352.25,16268.23,4335.51,36806.33,3082.91,8475.76,27018.12,0.0375,1,synthetic_demo
SYN-0200,2022-12-31,services,man,143157.86,8126.88,-4337.56,114979.8,47716.94,42695.42,26593.28,-7607.6,41055.22,2273.49,5352.86,22689.08,0.2702,0,synthetic_demo
SYN-0200,2023-12-31,services,man,110099.08,1988.4,-5887.33,94765.07,39327.77,46785.23,24932.87,-8974.12,32438.92,2583.4,13302.78,19389.78,-0.2309,0,synthetic_demo
SYN-0201,2021-12-31,services,man,31425.72,6494.94,4548.4,34284.11,19996.99,11679.27,13366.24,7098.79,13169.56,522.64,1299.23,4559.7,-0.156,1,synthetic_demo
SYN-0201,2022-12-31,services,man,15051.07,1866.37,872.91,14406.29,8402.8,5453.32,3386.97,1745.7,6794.71,683.64,2073.76,1226.26,-0.5211,0,synthetic_demo
SYN-0201,2023-12-31,services,man,26488.71,2647.51,979.03,25702.07,14991.32,11934.74,6615.72,1122.91,7710.67,432.01,2631.87,6020.35,0.7599,0,synthetic_demo
SYN-0202,2021-12-31,services,woman,116011.28,25716.31,20902.69,51009.75,24052.89,12390.42,18949.81,27271.03,12039.67,1056.77,15997.32,8084.52,0.1048,0,synthetic_demo
SYN-0202,2022-12-31,services,woman,110818.18,24199.72,15849.16,130822.27,61687.31,63042.0,28422.3,27578.98,40157.57,2626.69,24360.72,17780.8,-0.0448,0,synthetic_demo
SYN-0202,2023-12-31,services,woman,130033.8,21413.46,12788.73,146372.1,69019.6,81785.1,51240.58,2913.05,39214.86,1908.48,6400.49,5690.08,0.1734,0,synthetic_demo
SYN-0203,2021-12-31,manufacturing,man,20494.2,5266.92,4128.71,11583.46,6256.33,2424.39,3726.27,4125.71,4677.75,484.75,1384.18,4616.44,-0.1095,0,synthetic_demo
SYN-0203,2022-12-31,manufacturing,man,17245.76,4204.36,3080.58,15684.59,8471.38,6029.15,2904.83,3138.61,3113.07,130.88,3206.58,1340.16,-0.1585,0,synthetic_demo
SYN-0203,2023-12-31,manufacturing,man,19002.35,4087.11,3494.19,13240.62,7151.37,3632.31,4675.14,5349.87,5875.5,682.06,2219.66,2570.37,0.1019,0,synthetic_demo
SYN-0204,2021-12-31,services,man,70452.38,5861.32,1527.93,37618.65,21858.35,12239.06,13547.61,-566.37,7897.34,729.53,4292.81,2297.75,0.138,0,synthetic_demo
SYN-0204,2022-12-31,services,man,74712.57,9450.05,5397.58,35789.94,20795.78,8166.0,13043.61,1205.77,14510.7,572.25,10287.2,3875.58,0.0605,0,synthetic_demo
SYN-0204,2023-12-31,services,man,147414.55,979.07,-6071.33,87731.41,50976.42,44205.7,37063.06,-7328.27,40964.87,4126.58,8895.34,26441.16,0.9731,1,synthetic_demo
SYN-0205,2021-12-31,manufacturing,man,47190.12,6286.54,4503.1,39302.71,17512.56,17927.73,8686.53,5321.85,8009.99,625.4,6261.5,11132.23,-0.1307,0,synthetic_demo
SYN-0205,2022-12-31,manufacturing,man,45792.78,5316.55,2263.41,21081.6,9393.57,3880.46,3151.55,4085.17,5549.54,273.46,7808.24,10483.78,-0.0296,0,synthetic_demo
SYN-0205,2023-12-31,manufacturing,man,35801.76,5685.3,4210.25,41545.37,18511.85,20590.3,14519.72,2596.53,13211.27,1186.48,1414.39,5215.18,-0.2182,0,synthetic_demo
SYN-0206,2021-12-31,agriculture,woman,113466.86,27486.85,18288.44,91966.73,54987.71,33390.75,39858.38,16173.24,25300.58,2333.75,21957.53,22732.96,0.1224,0,synthetic_demo
SYN-0206,2022-12-31,agriculture,woman,103020.36,15816.31,7899.22,104300.04,62361.9,53599.71,21079.93,13957.67,30880.66,3694.57,21212.28,21795.78,-0.0921,0,synthetic_demo
SYN-0206,2023-12-31,agriculture,woman,90431.78,16103.4,11272.35,45688.71,27317.68,21026.78,13713.43,13705.02,18435.3,688.77,19190.09,7576.31,-0.1222,1,synthetic_demo
SYN-0207,2021-12-31,agriculture,woman,71884.26,18711.23,14776.79,33445.66,23068.04,11141.31,12283.11,13909.53,15048.21,808.45,3377.8,3260.87,0.0008,0,synthetic_demo
SYN-0207,2022-12-31,agriculture,woman,73199.07,20208.05,16306.83,83507.79,57596.73,35494.68,40698.8,12457.37,45176.73,4647.52,2585.32,9319.32,0.0183,1,synthetic_demo
SYN-0207,2023-12-31,agriculture,woman,50536.97,13159.58,9049.46,60178.92,41506.41,19768.55,25024.9,13201.49,25531.05,1437.64,7445.51,11460.45,-0.3096,1,synthetic_demo
SYN-0208,2021-12-31,services,woman,68808.88,8983.4,3393.11,56294.73,13302.82,23107.81,8270.27,4827.24,7463.7,682.99,13791.57,14062.17,-0.0131,1,synthetic_demo
SYN-0208,2022-12-31,services,woman,67026.76,12183.31,10148.75,59727.63,14114.04,28658.91,7936.32,15003.74,8343.23,917.88,2813.29,12203.38,-0.0259,0,synthetic_demo
SYN-0208,2023-12-31,services,woman,53821.61,11515.91,7451.6,51716.37,12220.92,17044.21,8214.76,6327.79,4849.05,490.25,2955.58,2476.14,-0.197,0,synthetic_demo
SYN-0209,2021-12-31,services,man,43411.13,8130.23,6325.37,25494.08,6105.43,6795.08,4588.06,3959.84,3398.04,129.09,1880.41,2697.96,-0.029,0,synthetic_demo
SYN-0209,2022-12-31,services,man,49402.48,10452.68,8441.8,22620.89,5417.35,10300.87,3606.16,6038.89,3706.27,347.18,2246.84,5778.54,0.138,0,synthetic_demo
SYN-0209,2023-12-31,services,man,67962.83,12478.08,8878.17,79802.59,19111.47,15215.86,5784.31,8624.99,8523.04,892.19,13845.96,9340.28,0.3757,0,synthetic_demo
SYN-0210,2021-12-31,agriculture,man,76473.69,16419.86,11986.43,74515.99,53672.68,13671.7,20674.6,14672.56,43864.21,5133.65,11092.56,5098.46,0.0391,1,synthetic_demo
SYN-0210,2022-12-31,agriculture,man,64665.92,12279.1,7502.01,46821.96,33725.11,9104.82,14402.05,-422.28,18824.0,912.12,3528.63,2645.6,-0.1544,0,synthetic_demo
SYN-0210,2023-12-31,agriculture,man,104966.33,19475.92,13739.81,85072.19,61276.14,46818.92,20160.7,13793.62,23466.67,2389.44,6900.64,23458.03,0.6232,1,synthetic_demo
SYN-0211,2021-12-31,retail,woman,115283.9,17535.91,11862.68,80201.8,22843.52,18370.79,14236.65,15539.82,10979.06,1192.43,19994.7,21930.16,-0.1424,1,synthetic_demo
SYN-0211,2022-12-31,retail,woman,111594.07,22177.75,13164.46,125005.06,35604.64,63760.25,22351.01,17951.2,23112.39,2618.22,8560.89,7193.58,-0.032,0,synthetic_demo
SYN-0211,2023-12-31,retail,woman,131860.0,30514.96,21366.47,136396.1,38849.1,71416.48,13746.29,20828.4,20410.42,1152.76,12587.94,11497.82,0.1816,0,synthetic_demo
SYN-0212,2021-12-31,services,woman,97913.98,2979.77,16.5,91874.61,65070.15,45724.13,36066.52,-2322.34,23975.8,1856.8,7138.92,20864.93,0.1605,0,synthetic_demo
SYN-0212,2022-12-31,services,woman,98162.01,-6836.31,-11411.4,110378.63,78175.62,54587.29,45851.78,-8548.8,37222.27,3893.84,7813.52,15606.14,0.0025,0,synthetic_demo
SYN-0212,2023-12-31,services,woman,103079.53,-9727.39,-15525.05,97994.24,69404.38,46825.03,25482.81,-21384.75,42484.28,3146.84,12198.17,5306.6,0.0501,0,synthetic_demo
SYN-0213,2021-12-31,services,man,72522.4,11014.63,5599.81,86145.69,31569.92,37642.75,11218.69,263.36,16895.76,742.56,4226.95,5934.54,-0.0394,1,synthetic_demo
SYN-0213,2022-12-31,services,man,94930.57,12247.99,7936.09,101479.15,37189.19,32047.21,17383.41,12344.72,29670.79,1970.38,5781.34,9332.48,0.309,0,synthetic_demo
SYN-0213,2023-12-31,services,man,50945.31,899.09,-1457.95,50036.86,18337.07,13063.52,5837.2,-1955.65,13591.09,932.92,11013.31,3048.35,-0.4633,1,synthetic_demo
SYN-0214,2021-12-31,retail,woman,18777.24,2388.04,608.89,18506.11,2757.27,5438.95,1257.07,-900.96,1222.69,56.22,3872.86,1044.48,0.2701,0,synthetic_demo
SYN-0214,2022-12-31,retail,woman,17880.8,1965.79,739.87,9051.45,1348.6,5039.45,1009.15,431.27,1213.34,97.78,675.24,2322.42,-0.0477,0,synthetic_demo
SYN-0214,2023-12-31,retail,woman,13392.71,595.15,238.51,10099.15,1504.7,4667.59,452.37,-408.2,1322.89,92.7,2548.66,777.63,-0.251,1,synthetic_demo
SYN-0215,2021-12-31,agriculture,man,64901.28,25550.16,23447.72,74049.29,56376.71,41766.78,23133.76,22332.25,32022.64,3590.25,6008.99,12722.94,-0.1601,1,synthetic_demo
SYN-0215,2022-12-31,agriculture,man,53564.15,19971.5,15043.18,52317.7,39831.57,14135.56,14584.21,14282.65,25232.88,2618.81,8781.28,10845.89,-0.1747,1,synthetic_demo
SYN-0215,2023-12-31,agriculture,man,41701.71,15653.57,11778.22,38136.48,29034.84,16938.95,9236.05,11998.47,24034.7,1316.33,8981.25,7907.78,-0.2215,1,synthetic_demo
SYN-0216,2021-12-31,manufacturing,man,37263.93,2927.36,-463.61,25130.1,7735.17,4629.03,4007.02,330.12,6368.89,466.76,3457.66,1351.22,-0.2081,1,synthetic_demo
SYN-0216,2022-12-31,manufacturing,man,36193.92,5685.91,2552.72,15512.46,4774.81,3560.54,2347.18,5040.52,4166.4,317.09,6923.35,5158.78,-0.0287,1,synthetic_demo
SYN-0216,2023-12-31,manufacturing,man,43215.61,4318.44,452.44,45973.05,14150.73,10808.63,7914.16,934.57,7455.41,296.52,4846.77,7291.01,0.194,0,synthetic_demo
SYN-0217,2021-12-31,agriculture,man,82584.93,8621.47,3439.7,82642.48,28469.75,33411.52,13880.26,-2275.38,12257.82,1422.45,16735.8,16666.23,0.2838,0,synthetic_demo
SYN-0217,2022-12-31,agriculture,man,89910.08,9112.36,2255.3,51047.47,17585.5,23210.56,6057.32,3401.65,8282.24,755.17,17668.41,13856.45,0.0887,1,synthetic_demo
SYN-0217,2023-12-31,agriculture,man,76211.93,8158.97,5619.81,52708.93,18157.86,14111.37,14059.46,2936.79,8783.12,659.4,2673.76,16965.52,-0.1524,1,synthetic_demo
SYN-0218,2021-12-31,agriculture,man,177933.84,29578.97,25014.98,145727.82,95303.39,41276.43,45674.02,19641.54,44130.92,1554.97,24826.73,31118.2,-0.0192,0,synthetic_demo
SYN-0218,2022-12-31,agriculture,man,141488.83,20822.91,9960.63,148034.4,96811.86,65905.64,63285.07,-1736.83,72099.26,7046.31,6889.61,4799.26,-0.2048,1,synthetic_demo
SYN-0218,2023-12-31,agriculture,man,158935.48,24620.18,16647.48,163628.79,107010.31,83178.5,41580.65,14607.0,52128.49,3151.6,5661.45,11413.48,0.1233,0,synthetic_demo
SYN-0219,2021-12-31,agriculture,man,21853.48,3732.28,1827.21,24692.79,3735.1,11275.55,1693.03,2238.23,1956.06,130.96,4460.35,4459.92,0.0771,0,synthetic_demo
SYN-0219,2022-12-31,agriculture,man,17257.77,2920.06,1647.19,13617.09,2059.76,6756.53,847.84,389.55,1051.11,90.73,1734.74,1058.52,-0.2103,1,synthetic_demo
SYN-0219,2023-12-31,agriculture,man,30950.28,5983.01,4776.98,29205.19,4417.66,10375.89,3435.7,5501.37,3597.3,398.14,6189.05,4016.86,0.7934,1,synthetic_demo
SYN-0220,2021-12-31,agriculture,man,159569.53,16560.02,2862.72,97512.77,66148.24,41382.87,38005.71,-4231.02,43997.69,3439.33,9216.38,27877.76,0.076,1,synthetic_demo
SYN-0220,2022-12-31,agriculture,man,139895.73,11265.32,-1772.8,136484.36,92584.8,43477.8,51334.32,-3153.36,75616.29,7835.34,18509.32,9690.8,-0.1233,1,synthetic_demo
SYN-0220,2023-12-31,agriculture,man,211121.64,13865.62,376.44,149752.49,101585.3,50188.23,73404.91,1125.1,85202.46,4348.96,43762.65,32284.33,0.5091,0,synthetic_demo
SYN-0221,2021-12-31,manufacturing,man,31890.97,1380.61,-6.04,26943.92,16962.18,8723.12,12115.01,-1044.71,11204.49,925.66,5496.93,3946.82,0.0633,0,synthetic_demo
SYN-0221,2022-12-31,manufacturing,man,49243.0,-306.82,-1803.72,52304.62,32927.68,13458.57,21067.8,-4775.18,21317.29,2181.47,5686.97,6380.4,0.5441,0,synthetic_demo
SYN-0221,2023-12-31,manufacturing,man,41368.87,2464.63,-80.47,40798.71,25684.28,16572.25,10980.62,381.43,19949.03,1854.32,6149.28,1025.75,-0.1599,0,synthetic_demo
SYN-0222,2021-12-31,services,man,74935.51,8396.05,4442.8,64661.42,34875.04,23034.42,11407.14,4056.32,24610.44,2545.22,15479.68,4018.26,0.0835,0,synthetic_demo
SYN-0222,2022-12-31,services,man,64689.16,2255.89,-1708.1,40640.98,21919.65,7690.41,8000.08,-3009.41,13781.39,1613.55,7906.61,2483.04,-0.1367,1,synthetic_demo
SYN-0222,2023-12-31,services,man,70765.33,1080.55,-4575.86,44296.78,23891.41,16579.27,8498.78,-1754.28,16463.98,1431.06,2528.4,11167.34,0.0939,0,synthetic_demo
SYN-0223,2021-12-31,manufacturing,woman,576098.35,71051.21,55200.29,413182.19,321262.41,176643.03,183887.43,-7371.22,287252.45,12100.07,25169.67,46357.93,-0.0746,1,synthetic_demo
SYN-0223,2022-12-31,manufacturing,woman,529616.58,24046.26,-12399.57,544756.94,423566.0,136078.53,210947.56,-56185.33,271040.24,24733.51,20123.37,92736.83,-0.0807,1,synthetic_demo
SYN-0223,2023-12-31,manufacturing,woman,413895.19,29034.93,-5503.3,256223.65,199222.11,104873.55,136202.8,-4025.42,95567.21,3887.51,51544.59,47776.72,-0.2185,1,synthetic_demo
SYN-0224,2021-12-31,agriculture,man,83866.61,19862.95,12188.63,100214.02,15448.31,28189.11,8110.62,9454.37,10813.87,1206.15,16415.19,8027.24,-0.0013,0,synthetic_demo
SYN-0224,2022-12-31,agriculture,man,86859.53,26751.69,21031.32,48068.98,7409.98,23555.73,5024.15,22706.52,5106.25,186.22,15608.33,12235.28,0.0357,0,synthetic_demo
SYN-0224,2023-12-31,agriculture,man,93545.58,20520.85,12246.48,43778.49,6748.59,18291.29,5237.01,-49.6,4787.5,363.05,18781.98,10795.46,0.077,0,synthetic_demo
SYN-0225,2021-12-31,services,man,52268.6,12183.02,7375.35,36154.46,16490.76,17723.51,9222.55,6472.23,12029.19,905.1,3379.21,9933.38,0.0892,0,synthetic_demo
SYN-0225,2022-12-31,services,man,55456.35,12154.02,10645.95,46338.82,21136.04,12314.32,16149.61,10243.17,18147.47,2053.78,5983.72,2000.58,0.061,0,synthetic_demo
SYN-0225,2023-12-31,services,man,45923.42,10561.11,6740.25,26166.87,11935.22,9217.34,4621.41,8980.78,8306.16,950.44,6440.89,6116.64,-0.1719,0,synthetic_demo
SYN-0226,2021-12-31,retail,man,61523.01,11075.39,6915.74,50276.26,28514.21,17720.13,18304.69,3031.51,17340.6,811.66,8680.96,2086.42,0.0432,0,synthetic_demo
SYN-0226,2022-12-31,retail,man,79496.41,13644.11,7589.1,47512.87,26946.95,9898.49,20181.39,7261.12,16434.28,1796.79,14423.9,9142.69,0.2921,1,synthetic_demo
SYN-0226,2023-12-31,retail,man,33413.55,5228.37,3026.76,19361.68,10980.99,10298.64,4073.48,3002.63,5017.73,304.43,5356.72,7722.05,-0.5797,0,synthetic_demo
SYN-0227,2021-12-31,retail,man,338275.66,44694.64,12796.82,367701.22,264398.64,90436.43,118721.33,13984.64,180847.07,16107.96,16355.72,78878.5,0.1435,0,synthetic_demo
SYN-0227,2022-12-31,retail,man,378738.67,74144.87,51475.49,391303.21,281369.85,170116.0,129602.53,33325.87,249680.87,14370.16,29469.86,67969.81,0.1196,1,synthetic_demo
SYN-0227,2023-12-31,retail,man,513456.66,111198.04,93616.13,495145.33,356038.39,179441.2,191909.92,55549.5,273306.13,32618.27,91865.38,35472.0,0.3557,1,synthetic_demo
SYN-0228,2021-12-31,agriculture,woman,107626.72,8263.91,2347.14,93412.79,22296.05,44842.89,7771.18,-6471.68,13756.11,1453.19,19978.78,22237.66,-0.1074,0,synthetic_demo
SYN-0228,2022-12-31,agriculture,woman,111836.2,14209.7,9656.35,132952.69,31733.56,51078.81,10619.44,8624.93,26375.35,1172.33,13634.29,17118.49,0.0391,0,synthetic_demo
SYN-0228,2023-12-31,agriculture,woman,91352.45,5591.83,-211.03,86083.83,20546.75,34823.13,16238.9,1675.77,9240.05,855.57,17231.07,10569.09,-0.1832,0,synthetic_demo
SYN-0229,2021-12-31,manufacturing,man,94477.47,19937.87,10972.28,60268.97,18996.8,14933.75,15070.44,8671.49,7011.57,610.06,16887.5,20524.47,-0.0086,0,synthetic_demo
SYN-0229,2022-12-31,manufacturing,man,75799.32,18964.35,15061.57,59237.41,18671.65,19914.85,12336.36,11114.35,10245.15,1046.24,3040.67,15165.99,-0.1977,0,synthetic_demo
SYN-0229,2023-12-31,manufacturing,man,102266.96,12108.96,8271.78,55672.15,17547.88,15926.74,11239.93,9127.84,9161.65,683.52,19465.21,12957.2,0.3492,0,synthetic_demo
SYN-0230,2021-12-31,agriculture,woman,108518.33,14494.33,8569.27,113354.33,64937.27,21917.11,29296.03,11841.64,51163.35,2440.99,10529.25,23313.14,0.0341,0,synthetic_demo
SYN-0230,2022-12-31,agriculture,woman,116485.23,26538.36,17610.6,72489.26,41526.91,41735.08,30501.35,16776.1,20239.85,760.39,7857.08,26360.7,0.0734,0,synthetic_demo
SYN-0230,2023-12-31,agriculture,woman,105098.4,16183.07,12806.69,59161.28,33891.71,32896.87,24881.24,15385.52,17574.06,1436.81,15042.83,8829.61,-0.0978,0,synthetic_demo
SYN-0231,2021-12-31,agriculture,man,157926.75,8704.93,-5825.64,158012.24,59516.09,45191.58,28420.32,-1057.08,44617.27,2256.18,18091.63,12959.75,-0.0491,0,synthetic_demo
SYN-0231,2022-12-31,agriculture,man,112009.22,13402.18,8017.32,113476.77,42741.59,34628.18,27449.29,15752.95,15949.2,1025.95,18663.71,5246.14,-0.2908,0,synthetic_demo
SYN-0231,2023-12-31,agriculture,man,131429.65,-135.99,-10775.23,77184.05,29071.76,35709.84,9516.93,-11681.92,24658.71,1811.8,14824.55,20169.01,0.1734,0,synthetic_demo
SYN-0232,2021-12-31,agriculture,man,89345.08,8348.11,5791.92,52023.98,27901.1,14933.19,8833.95,785.09,18141.47,2135.57,10642.55,4677.52,0.2068,0,synthetic_demo
SYN-0232,2022-12-31,agriculture,man,91705.04,11664.58,3870.55,73995.3,39684.6,36390.06,14005.01,4672.47,21209.82,2295.24,18393.63,6469.89,0.0264,0,synthetic_demo
SYN-0232,2023-12-31,agriculture,man,168608.19,10844.72,-4725.97,102631.44,55042.51,37515.75,35324.75,-11162.49,45604.61,4546.87,6611.36,7234.23,0.8386,1,synthetic_demo
SYN-0233,2021-12-31,services,woman,44395.2,5621.19,2484.42,50821.0,22098.52,21262.7,13889.12,2964.67,16368.44,1914.55,5058.46,6914.88,0.1331,0,synthetic_demo
SYN-0233,2022-12-31,services,woman,42643.98,4748.35,938.06,30177.26,13121.99,7630.53,7596.42,458.81,6726.39,441.23,3526.79,8253.09,-0.0394,0,synthetic_demo
SYN-0233,2023-12-31,services,woman,42684.6,8376.46,5950.98,48517.65,21096.95,26766.97,11333.42,3630.12,15038.33,1753.2,9080.81,8543.64,0.001,0,synthetic_demo
SYN-0234,2021-12-31,services,man,264380.32,27816.41,3381.65,212473.59,157076.7,56788.17,61851.33,-4646.0,140301.27,11306.3,15711.91,35139.54,0.1225,0,synthetic_demo
SYN-0234,2022-12-31,services,man,263120.38,36155.51,21269.22,297858.05,220199.41,126060.79,96799.95,34946.57,125524.34,10063.93,37356.36,24818.59,-0.0048,1,synthetic_demo
SYN-0234,2023-12-31,services,man,232633.29,19277.88,3541.86,119113.38,88057.7,33824.22,65869.29,22351.45,79197.29,6547.88,15923.77,48004.19,-0.1159,1,synthetic_demo
SYN-0235,2021-12-31,agriculture,man,28996.93,3217.85,1805.18,28964.5,13856.81,14567.71,8643.11,1722.86,5763.77,478.81,5590.37,4854.81,0.1112,0,synthetic_demo
SYN-0235,2022-12-31,agriculture,man,31229.02,3357.89,467.43,16437.35,7863.73,5791.2,6033.89,958.52,5720.22,318.11,5229.49,764.89,0.077,0,synthetic_demo
SYN-0235,2023-12-31,agriculture,man,39125.1,3998.47,1600.39,46799.25,22389.07,24582.38,16915.58,-525.62,14370.93,1178.35,7505.44,9085.84,0.2528,0,synthetic_demo
SYN-0236,2021-12-31,agriculture,man,9507.93,917.49,187.86,6699.63,3505.44,2328.28,1607.76,670.23,2908.07,165.13,1979.01,360.82,0.1242,0,synthetic_demo
SYN-0236,2022-12-31,agriculture,man,9152.27,752.83,276.36,6308.15,3300.61,2224.48,1679.73,1165.39,2786.3,125.3,1796.56,841.78,-0.0374,0,synthetic_demo
SYN-0236,2023-12-31,agriculture,man,13429.05,1301.19,299.33,13527.51,7077.99,6149.44,2808.15,-214.15,5036.11,603.77,2288.0,2012.89,0.4673,0,synthetic_demo
SYN-0237,2021-12-31,agriculture,man,38948.92,4143.99,1351.33,21119.75,5842.32,11059.08,2028.51,-626.74,3434.78,373.5,2607.86,7632.17,-0.041,0,synthetic_demo
SYN-0237,2022-12-31,agriculture,man,49846.24,4125.58,2300.81,25087.81,6940.0,11058.52,3810.73,-254.34,4051.47,294.35,7912.68,10874.88,0.2798,0,synthetic_demo
SYN-0237,2023-12-31,agriculture,man,56441.6,2549.14,187.94,39302.97,10872.31,8405.65,7556.51,-359.68,5137.86,259.22,12154.91,10827.06,0.1323,0,synthetic_demo
SYN-0238,2021-12-31,agriculture,woman,222421.13,35478.62,19164.66,211889.57,92418.28,42233.14,32772.22,18131.2,38620.98,1832.02,17261.11,41192.47,0.1179,1,synthetic_demo
SYN-0238,2022-12-31,agriculture,woman,213881.77,35735.37,16442.91,134096.86,58488.02,62732.36,24857.67,8507.69,26536.4,2255.97,7839.53,45857.81,-0.0384,0,synthetic_demo
SYN-0238,2023-12-31,agriculture,woman,218557.44,46035.94,29842.99,254876.35,111167.5,97672.88,56995.4,39336.03,74399.82,6396.84,16839.3,5216.15,0.0219,0,synthetic_demo
SYN-0239,2021-12-31,retail,man,280607.41,56363.72,49021.06,262485.21,100373.56,115254.41,60765.73,42591.35,67821.45,3328.24,14906.15,51015.74,0.0299,1,synthetic_demo
SYN-0239,2022-12-31,retail,man,273272.53,37000.59,18381.7,223141.97,85328.82,112635.36,31083.68,15476.11,60158.13,3703.0,13594.59,14840.92,-0.0261,1,synthetic_demo
SYN-0239,2023-12-31,retail,man,275756.59,47397.99,38640.98,195723.41,74844.05,41233.43,40449.68,49212.72,52915.22,3171.42,46259.0,46410.64,0.0091,0,synthetic_demo
